"Season","TeamName","Size","SizeRank","Hgt5","Hgt5Rank","Hgt4","Hgt4Rank","Hgt3","Hgt3Rank","Hgt2","Hgt2Rank","Hgt1","Hgt1Rank","HgtEff","HgtEffRank","Exp","ExpRank","Bench","BenchRank","Pts5","Pts5Rank","Pts4","Pts4Rank","Pts3","Pts3Rank","Pts2","Pts2Rank","Pts1","Pts1Rank","OR5","OR5Rank","OR4","OR4Rank","OR3","OR3Rank","OR2","OR2Rank","OR1","OR1Rank","DR5","DR5Rank","DR4","DR4Rank","DR3","DR3Rank","DR2","DR2Rank","DR1","DR1Rank","Continuity","RankContinuity"
"2025","Abilene Christian",77.31,163,-0.37,209,-0.84,281,-0.24,226,0.68,95,1.31,67,-0.6,259,1.34123,253,34.05,103,23.57,62,23.58,55,23.82,57,12.66,362,16.37,299,30.57,273,29.91,104,22.05,76,7.76,280,9.71,129,19.37,342,26.1,85,22.05,87,16.78,161,15.7,122,34.93592441082,171
"2025","Air Force",78.18,47,1.08,75,-0.23,212,0.01,178,1.13,61,2.88,6,0.43,121,1.78985,166,28.89,254,26.4,18,22.02,92,18.77,214,19.57,224,13.19,357,34.11,217,18.56,316,15.99,217,14.11,92,17.19,16,17.93,355,15.96,353,21.71,95,25.38,4,18.97,38,48.768424987793,70
"2025","Akron",75.06,361,-1.94,351,-3.51,364,-2.17,359,-1.36,327,-1.75,324,-2.72,364,1.39849,245,39.04,29,19.11,188,17.75,256,21.16,131,17.57,291,24.37,70,48.32,17,18.19,322,15.07,233,11.68,152,6.65,251,33.27,17,19.25,299,20.78,122,15.13,237,11.49,316,23.8944783806801,250
"2025","Alabama",78.08,59,1.61,33,3.13,1,0.24,144,-0.5,255,-0.12,206,2.37,5,2.98715,9,38.5,34,15.83,300,19.18,200,18.67,217,21.19,146,25.09,53,29.44,293,28.82,126,26.7,28,9.97,212,5.01,322,27.25,144,29.59,25,19.81,156,11.89,336,11.4,320,43.7613964080811,109
"2025","Alabama A&M",76.76,254,0.63,107,-0.25,214,-0.62,271,-0.37,242,-1.61,313,0.19,148,0.864071,324,43.82,4,17.42,234,18.47,226,17.69,250,25.99,24,20.37,163,34.51,209,17.8,330,24.06,50,14.95,70,8.63,167,22.45,284,24.04,149,16.66,270,20.44,46,16.35,97,33.7940841913223,187
"2025","Alabama St.",76.63,275,0.99,81,-1.77,349,-1.81,349,-0.71,272,0.43,145,-0.39,222,1.62317,210,36.16,65,13.23,349,15.43,324,21.81,110,24.77,40,24.74,62,38.63,118,24.37,207,18.36,168,7.33,293,11.25,93,20.87,322,23.92,158,30.5,3,11.28,351,13.4,231,57.770437002182,30
"2025","Albany",75.31,357,-1.61,333,-2.06,357,-1.11,305,-1.59,338,-3.12,355,-1.83,357,2.29954,73,24.31,320,16.95,250,21.98,93,20.22,160,19.63,222,21.21,144,27.63,320,22.51,244,23.63,55,16.55,46,9.68,131,25.26,204,26.68,74,15.44,321,17.84,116,14.78,154,17.0481830835342,289
"2025","Alcorn St.",75.54,350,-1.81,341,-1.29,334,-1.61,339,-2.51,352,-1.12,287,-1.55,341,0.947045,315,33.94,105,16.4,279,18.98,207,20.72,146,21.99,118,21.91,128,39.03,111,31.75,72,10.2,328,14.62,79,4.4,343,26.33,165,24.86,122,17.32,239,16.96,150,14.52,170,23.5608592629433,253
"2025","American",76.47,297,-0.55,228,-0.41,231,0.89,61,-0.73,274,-2.88,348,-0.48,240,2.54004,50,32.55,146,30.24,2,18.32,235,13.38,350,18.95,254,19.05,213,27.95,317,14.72,347,36.1,4,11.03,177,10.1,115,29.27,88,17.25,341,27.56,13,11.2,352,14.65,163,74.6859490871429,1
"2025","Appalachian St.",77.42,139,1.41,46,1.88,18,0.15,157,-1.34,326,-1.04,281,1.65,25,2.22991,84,25.68,306,25.51,24,19.76,173,12.85,356,14.47,354,27.38,25,34.91,200,43.91,1,9.25,338,5.44,333,6.46,263,27.17,147,22.57,208,13.89,345,14.02,283,22.33,6,22.7876991033554,256
"2025","Arizona",77.89,82,0.77,97,0.01,171,-0.02,184,0.68,95,1.99,24,0.39,127,2.72421,30,29.61,229,19.73,154,19.64,180,19.79,178,23.15,77,17.69,270,29.31,294,34.08,48,23.37,58,7.17,296,6.08,284,24.4,226,24.94,120,18.67,195,18.43,97,13.56,223,38.0604326725006,150
"2025","Arizona St.",78.25,43,0.9,90,1.69,28,1.17,42,0.51,129,0.98,90,1.29,45,2.04549,120,29.19,245,16.76,261,20.76,138,22.86,74,19.77,215,19.86,185,52.57,7,22.04,255,10.87,315,7.27,294,7.25,218,31.64,32,23.45,179,20.66,126,14.25,271,10,349,16.9631212949753,290
"2025","Arkansas",78.68,18,2.95,9,1.44,40,0.33,136,0.68,95,1.95,27,2.2,7,1.5731,221,35.22,79,21.29,108,23.64,52,17.29,262,17.97,281,19.78,189,32.32,245,33.5,53,19.49,142,8.28,269,6.39,269,30.76,53,25.87,90,17.39,235,13.28,306,12.66,273,9.28173661231995,327
"2025","Arkansas Pine Bluff",77.11,192,-0.42,220,0.74,89,0.63,100,0.03,180,-1.48,306,0.16,154,0.658423,347,43.66,6,19.52,165,26.8,15,16.62,285,20.51,180,16.49,293,29.47,292,26.01,180,19.53,141,14.08,93,10.82,99,20.56,327,28.21,45,19.49,166,16,192,15.65,124,3.50185185670853,342
"2025","Arkansas St.",76.94,215,-0.32,207,-0.59,256,-0.49,249,0.01,186,0.08,188,-0.46,232,2.06086,118,30.74,191,20.31,137,19.75,175,24.92,40,20.81,166,14.17,344,38.77,115,25.2,198,13.38,268,17.27,34,5.33,312,31.13,45,22.7,204,17.41,234,15.87,196,12.84,260,44.0856784582138,106
"2025","Army",75.19,358,-1.39,304,-1.62,344,-1.66,341,-2.66,356,-2.76,344,-1.5,339,1.71923,192,28.93,253,23.22,67,23.53,57,8.12,364,16.83,311,28.24,20,44.12,38,22.04,254,12.97,276,13.99,95,6.77,242,25.81,180,15.79,354,19.64,163,18.95,82,19.73,29,48.3185887336731,73
"2025","Auburn",78.43,27,1.11,67,0.55,110,1.44,30,2.02,12,1,86,0.83,75,2.80085,25,33.9,109,20.94,118,21.07,127,18.42,225,19.27,245,20.29,167,45.93,25,30.84,87,12.63,282,5.31,339,5.25,314,29.62,80,24.58,136,16.71,267,16.22,183,12.85,257,54.7759592533112,40
"2025","Austin Peay",76.13,334,-1.05,284,-1.13,324,-2.77,363,-1.32,317,0.88,97,-1.09,313,0.935965,317,33.62,119,25.88,21,14.62,339,21.15,133,15.51,338,22.85,108,41.82,73,29.81,106,8.86,344,6.9,305,12.61,65,28.28,107,20.41,278,17.53,230,14.6,253,19.19,31,26.7718434333801,233
"2025","Ball St.",77.31,162,0.48,133,0.51,114,-0.11,191,-0.22,210,-0.12,206,0.5,113,2.38203,65,29.56,231,23.59,60,18.46,228,18.94,205,23,81,15.94,312,51.25,8,24.66,203,12.46,290,8.37,265,3.21,360,28.76,95,23.44,181,16.43,283,19,80,12.31,287,27.0280003547668,232
"2025","Baylor",76.94,217,-1.02,282,-0.37,225,-0.13,215,0.03,181,0.15,179,-0.69,272,2.74058,29,28.41,264,15.18,316,24.56,40,22.85,77,17.29,297,20.1,173,26.63,331,40.46,10,21.17,103,6.6,311,5.11,316,23.33,261,34.36,2,18.97,187,12.83,323,10.5,344,28.2858401536942,222
"2025","Bellarmine",76.51,294,-1.88,347,-0.67,267,-0.38,235,-0.3,219,-0.26,225,-1.28,324,1.32557,258,43.91,3,24.57,39,23.62,54,13.36,351,20.6,177,17.83,262,38.59,120,14.48,348,25.83,34,9.34,233,11.7,82,23.35,260,19.61,296,18.57,200,18.44,96,20,27,27.6874125003815,230
"2025","Belmont",78.11,56,-0.39,212,1.78,21,0.41,128,1.24,54,1.46,58,0.69,85,1.39062,248,28.7,260,19.34,174,21.91,95,20.11,164,16.91,308,21.69,135,39.64,97,21.65,262,8.15,348,24.04,8,6.43,265,20.27,333,27.99,48,14.85,329,20.55,43,16.29,100,24.6807396411896,242
"2025","Bethune Cookman",77.35,150,-1.42,321,-0.09,183,1.18,41,0.19,162,0.88,97,-0.75,277,1.59876,216,30.53,196,23.85,52,16.01,316,14.58,328,15.94,330,29.57,10,29.09,303,29.3,118,22.55,70,14.37,86,4.61,333,23.32,262,17.66,334,28.02,10,14.38,262,16.56,90,18.1005343794823,283
"2025","Binghamton",78.29,38,-1.39,304,0.25,138,0.89,61,2.68,2,3,4,-0.57,253,1.86011,152,24.14,323,21.21,111,23.39,60,17.46,255,22.31,106,15.58,319,22.57,352,33.35,56,13.55,263,14.63,78,15.84,23,28.68,96,27.29,60,13.5,347,17.56,124,12.9,256,44.4902539253235,101
"2025","Boise St.",78.05,63,-0.71,240,0.6,105,1.89,11,2.34,9,0.12,182,-0.06,185,2.13084,104,31.63,169,20.5,128,25.24,32,16.68,283,19.68,220,17.89,259,26.96,329,26.46,174,25.63,36,15.6,60,5.34,311,25.8,181,20.77,264,23.75,50,15.92,194,13.74,212,33.3800435066223,192
"2025","Boston College",76.87,231,-0.42,221,-0.66,265,-0.95,296,-0.32,220,0.69,124,-0.54,247,1.72629,188,37.39,52,22.89,75,25.64,25,17.38,257,15.91,331,18.16,247,27.85,318,21.33,269,18.74,156,10.43,194,21.62,6,21.16,315,24.52,138,25.59,26,13.39,300,15.33,136,14.6919146180153,300
"2025","Boston University",77.53,125,0.94,85,-0.05,179,-0.11,191,0.49,130,0.36,152,0.45,119,1.36014,251,37.33,54,16.17,288,19.86,169,22.53,85,24.49,46,16.88,285,32.74,236,29.53,110,18.02,173,14.73,76,4.88,327,26.48,159,22.26,217,16,298,16.51,170,18.68,44,62.9612565040588,15
"2025","Bowling Green",76.22,320,-0.53,225,-0.66,264,-1.99,354,-1.32,317,-0.41,234,-0.59,256,1.26609,268,27.56,276,18.55,210,19.7,178,14.4,331,24.52,45,22.76,110,42.25,63,31.39,81,6.36,358,11.05,176,8.87,155,29.52,82,23.05,191,16.71,268,16.84,158,13.81,209,22.3040729761124,258
"2025","Bradley",77.05,203,1.3,51,1.12,54,1.51,27,-0.18,203,-4.52,364,1.21,53,2.00103,124,29.44,236,20.03,147,18.6,221,18.45,223,20.95,159,21.9,129,37.79,140,18.35,319,21.67,83,13.48,106,8.62,169,30.73,54,20.5,275,17.24,245,15.16,236,16.3,99,59.3138933181763,24
"2025","Brown",75.99,342,-1.78,339,-1.56,342,-0.52,254,-1.1,301,-1.12,287,-1.67,351,1.71315,195,30.25,210,17.94,221,22.23,89,18.29,230,16.09,325,25.44,44,38.4,128,20.6,282,19.22,148,15.22,65,6.54,256,22.51,283,21.11,257,25.5,27,21.38,32,9.48,359,43.5236692428589,111
"2025","Bryant",79.06,6,0.16,166,0.91,64,1.74,19,2.68,2,3.78,2,0.54,105,2.62467,43,22.76,338,20.09,143,17.06,290,22.39,89,23.71,63,16.74,288,35.67,188,13.04,357,21.59,85,14.75,75,14.92,32,25.67,186,21.09,258,16.8,265,18.58,93,17.83,62,42.9919987916946,116
"2025","Bucknell",76.73,260,1.72,28,0.18,146,-1.11,305,-1.41,329,-1.76,325,0.95,67,1.74288,181,26.24,296,28.63,6,18.29,238,14.99,321,18.04,279,19.99,179,25.9,337,35.75,37,21.44,92,9.52,228,7.33,216,31.68,31,19.78,290,15.72,309,17.86,115,14.89,150,62.8047943115234,16
"2025","Buffalo",77.6,116,0.28,155,0.71,92,-0.54,257,-0.14,198,1.63,47,0.5,111,0.709671,342,31.13,179,19.73,155,14.88,332,19.8,176,22.6,90,22.99,100,27.74,319,28.29,140,23.44,56,12.05,141,8.47,174,21.53,308,24.7,131,20.65,127,17.21,138,15.89,116,31.1740010976791,201
"2025","Butler",78.86,12,2.24,13,1.31,44,1.54,26,1.64,30,1.57,50,1.77,19,2.88128,17,25.95,300,19.23,180,20.18,161,24.79,43,21.83,123,13.95,349,42.6,59,13.83,351,16.17,214,12.75,119,14.6,37,26.28,168,18.83,306,17.65,228,16.69,163,20.52,23,57.3555886745453,31
"2025","BYU",78.35,33,-0.15,201,0.96,61,0.76,89,1.56,33,2.6,9,0.4,124,1.92844,131,41.75,12,18.97,194,17.24,277,21.72,112,25.82,26,16.23,302,10.84,364,36.22,30,27.97,19,15.78,57,9.18,146,18.92,347,29.22,31,22.64,73,17.57,123,11.64,313,40.7945990562439,133
"2025","Cal Baptist",76.67,270,0.08,177,-0.38,227,0.05,176,-0.32,220,-2.1,334,-0.15,202,2.10199,111,35.29,76,22.84,78,18.1,245,11.32,361,17.96,282,29.78,9,38.66,116,22.26,249,22.45,71,8.24,272,8.39,177,28.88,92,23.69,170,22.85,65,15.37,220,9.21,361,25.0819474458694,239
"2025","Cal Poly",76.41,307,-2.64,363,-2.09,358,-0.61,269,0.19,164,1.17,78,-2.36,362,0.868901,323,29.43,237,16.54,273,21.36,113,21.77,111,20.76,168,19.55,197,29.16,300,25.4,194,18.47,165,15.19,66,11.76,79,22.32,285,23.18,187,20.3,142,18.68,89,15.51,131,19.6627527475357,274
"2025","Cal St. Bakersfield",76.69,267,-1.85,344,-1.09,305,-0.45,247,0.62,117,0.17,176,-1.47,338,1.39613,246,33.59,120,14.05,339,19.39,193,29.18,4,21.15,148,16.19,303,24.68,341,33.74,50,23.85,51,7.96,276,9.71,130,24.9,214,21.5,240,17.28,243,20.14,56,16.13,105,38.9477044343948,144
"2025","Cal St. Fullerton",77.18,185,0.21,162,0.11,157,-0.13,216,-0.67,264,0.35,154,0.16,156,0.941847,316,43.03,7,19.76,152,19.41,191,21.99,102,13.71,358,25.06,54,27.5,322,22.07,253,27.02,25,10.37,198,12.96,58,13.93,363,26.14,83,19.73,159,19.1,76,21.03,16,28.1021177768707,223
"2025","California",76.93,219,-0.04,192,0.18,148,1.37,32,-1.46,333,-1.41,305,0.07,165,2.31494,70,32.53,148,15.23,315,18.08,246,24.55,45,19.02,252,23.13,97,41.2,78,31.65,74,13.29,270,7.47,288,6.4,268,33.05,18,24.82,123,19.18,177,11.8,339,11.15,327,0.502170715481043,350
"2025","Campbell",77.54,123,-1.03,283,-0.08,181,-0.11,191,1.49,37,1.4,61,-0.55,249,1.62246,212,29.27,242,17.26,238,29.82,1,16.75,277,16.72,314,19.41,207,35.98,178,24.64,204,10.27,327,18.29,27,10.76,100,20.66,325,14.63,363,15.63,314,28.87,1,20.18,25,29.7531753778458,210
"2025","Canisius",76.87,232,-1.39,304,-0.4,229,0.15,158,0.41,135,-0.43,236,-0.9,297,1.1962,282,22.92,336,21.2,112,22.59,82,14.16,335,26.35,22,15.66,318,26.43,334,14.94,346,27.07,24,24.13,7,7.33,215,22.94,269,18.33,323,20.89,119,20.96,36,16.83,85,12.5820398330688,303
"2025","Central Arkansas",76.94,216,0.08,178,0.77,87,0.14,163,-0.65,263,-1.65,317,0.42,122,0.676401,345,35.85,67,23.98,48,18.12,244,16.56,286,16.79,312,24.56,64,28.25,311,17.85,327,19.46,143,26.34,4,8.1,189,29.45,83,20.33,280,12.25,357,21.6,27,16.36,96,16.5262624621391,292
"2025","Central Connecticut",75.57,349,-1.28,301,-0.12,200,-0.12,213,-3.3,363,-3.36,361,-0.7,274,1.631,207,30.87,189,19.58,162,18.45,229,24.51,47,16.5,318,20.91,149,29.72,287,30.46,94,24.57,41,10.47,193,4.67,332,22.15,291,24.98,117,22.83,67,15.25,230,14.72,158,50.8141279220581,58
"2025","Central Michigan",77.71,103,0.21,163,-0.93,293,0.89,61,1.35,45,0.99,88,-0.36,218,1.55,225,18.84,360,25.55,23,14.56,344,18.53,221,21.68,128,19.68,193,33.12,230,19.99,294,22.58,69,12.75,120,11.57,85,27.77,125,18.7,313,20.46,136,15.64,210,17.43,72,27.7028650045395,229
"2025","Charleston",77.63,111,1.14,64,0.7,94,-0.69,276,-0.32,220,1.3,69,0.92,69,2.11346,109,27.86,272,22.63,81,18.5,224,20.91,140,18.43,265,19.46,204,37.75,141,27.35,158,15.92,220,9.78,223,9.13,147,30.44,62,22.97,195,12.97,354,15.99,193,17.55,69,24.4152933359146,244
"2025","Charleston Southern",77.27,172,0.29,154,-0.09,183,0.74,91,0.32,147,-0.93,270,0.1,161,2.25276,80,20.33,356,12.62,352,29.21,3,16.32,291,21.17,147,20.66,155,36.27,169,28.75,129,21.9,78,9.88,217,3.18,362,26.41,162,28.34,42,15.83,306,18.32,101,11.07,329,32.9956948757172,198
"2025","Charlotte",77.4,146,-0.78,251,0.24,139,-0.06,186,-0.32,220,1.88,28,-0.27,210,1.8078,161,30.5,198,15.77,301,19.29,196,17.82,246,18.81,259,28.27,19,23.28,349,21.21,272,22.38,73,15.5,63,17.58,14,24.56,221,23.5,177,16.26,290,16.82,159,18.81,42,33.8734865188599,185
"2025","Chattanooga",76.21,322,0.04,184,-0.09,183,0.67,96,-2.65,355,-2.92,351,-0.02,179,1.72106,190,31.12,180,19.1,189,17.25,276,21.86,107,20.01,201,21.76,132,32.49,244,28.6,132,23.38,57,10.68,186,4.84,329,27.39,137,22.08,225,18.43,206,22.29,18,9.78,353,32.1845531463623,199
"2025","Chicago St.",77.06,199,-1.55,327,-1.86,354,-0.11,212,0.68,95,2.13,20,-1.7,352,0.7945,331,32.18,155,19.29,176,21.81,98,25.87,27,14.74,350,18.23,243,30.65,270,23.89,218,20.62,115,16.28,49,8.47,175,30.46,61,20.93,261,22.39,76,10.81,357,15.34,135,17.9969951510429,285
"2025","Cincinnati",78.54,23,1.87,25,0.91,64,2.31,7,0.86,80,0.71,120,1.39,38,2.19463,89,34.53,90,17.69,229,20.49,146,18.06,236,19.87,210,23.85,80,33.5,223,15.31,344,26.03,29,14.52,82,10.58,105,26.38,163,18.54,317,23.38,55,17.06,144,14.6,168,59.9095404148102,23
"2025","Clemson",77.95,77,1.62,32,1.44,39,0.25,143,0.4,141,0.01,195,1.53,27,3.0248,8,26.49,291,22.62,82,20.05,164,15.53,309,24.56,43,17.22,277,30.96,265,31.93,69,17.28,191,7.44,289,12.33,70,27.3,140,29.63,24,16.82,263,14.02,282,12.18,293,46.3333547115326,89
"2025","Cleveland St.",76.52,290,-0.46,224,-0.28,217,-0.96,298,-1.61,339,-0.12,206,-0.37,219,1.82146,160,27.63,275,20.25,138,11.79,362,22.38,90,24.03,53,21.49,136,37.42,148,19.34,304,19.16,149,17.16,36,6.84,239,29.56,81,23.13,188,19.1,182,16.48,173,11.67,312,33.7014377117157,188
"2025","Coastal Carolina",77.69,106,3.12,8,0.01,170,0.39,130,-0.23,211,-0.89,268,1.57,26,0.720896,339,30.47,200,23.96,50,19.11,203,20.7,147,19.99,203,16.16,306,45.78,26,37.45,25,4.3,364,5.34,338,7.05,227,24.62,219,27.04,65,16.62,273,15.43,216,16.22,102,6.38698562979698,334
"2025","Colgate",77.22,176,0.38,143,-1.09,305,-0.21,224,0.26,152,0.74,119,-0.35,217,1.27205,266,34.69,85,25.16,31,17.39,269,18.94,206,22.06,115,16.45,294,48.99,16,21.42,267,11.7,301,5.42,334,12.46,68,27.7,127,18.86,305,16.24,292,16.07,190,21.13,15,50.3010392189026,62
"2025","Colorado",78.86,13,1.03,78,1.76,22,2.81,3,1.47,39,1.19,75,1.4,36,1.32084,259,42.32,10,23.68,58,19.38,194,19.39,193,15.2,342,22.33,115,29.29,295,33.2,59,24.52,42,9.02,246,3.91,351,20.35,332,25.49,107,23.59,51,15.67,205,14.86,152,16.5114134550095,293
"2025","Colorado St.",77.19,183,-0.81,257,-0.14,203,0.53,115,0.55,125,-0.23,221,-0.47,238,2.39297,64,31.36,173,20.43,132,13.79,353,27.36,15,19.48,229,18.93,219,29.19,299,31.74,73,21.47,91,7.17,297,10.41,110,22.05,293,17.17,342,34.21,1,13.62,295,12.93,253,34.1149389743805,181
"2025","Columbia",76.76,255,0.06,182,-0.01,172,-1.36,331,-1.26,311,0.33,155,0.02,173,2.08758,114,33.86,111,18.2,216,17.63,261,20.52,152,23.95,58,19.62,194,43.15,48,31.77,71,7.58,351,9.38,231,8.02,191,30.69,56,30.65,17,10.95,363,13.37,302,14.26,183,66.3832247257233,9
"2025","Connecticut",78.17,48,0.57,118,0.75,88,1.89,11,0.44,133,1.18,76,0.66,92,1.7519,178,30.43,203,22.61,83,19.12,202,18.31,228,22.32,105,17.62,272,42.28,62,17.85,328,16.23,213,7.64,282,15.99,22,29.42,84,17.78,331,21.2,111,16.51,171,15.08,140,44.443553686142,103
"2025","Coppin St.",76.81,245,-1.39,304,0.18,145,0.8,86,-0.09,192,-1.51,308,-0.6,258,0.821945,328,33.93,106,21.02,116,23.49,58,21.63,114,22.77,87,11.03,364,19.7,361,29.42,117,19.29,147,21.43,14,10.09,116,18.73,350,24.75,127,29.12,5,15.13,238,12.22,292,18.5813441872597,279
"2025","Cornell",76.89,229,-0.83,260,-0.56,250,-1.11,305,-0.24,212,1.14,80,-0.7,273,1.4298,239,29.97,213,19.37,173,20.28,150,17.65,251,19.34,236,23.33,91,30.25,281,25.41,193,21.51,90,16.26,50,6.53,258,30.04,72,18.77,310,16.38,286,15.21,232,19.56,30,58.5641980171204,26
"2025","Creighton",78.97,7,3.15,7,2.71,3,2.53,4,1.31,49,-0.89,266,2.93,3,2.65328,38,27.14,285,27.72,12,18.41,230,12.6,358,16.88,310,24.39,69,35.37,191,29.52,111,20.1,128,9.87,218,5.13,315,25.34,200,19.93,286,16.63,271,22.04,20,16.07,110,46.3924139738083,88
"2025","CSUN",77.35,151,-1.06,286,-0.66,266,0.53,114,0.68,95,1.23,72,-0.86,294,1.83186,158,28.54,262,25.5,25,16.72,297,19.98,167,22.43,101,15.32,330,28.23,312,26.41,177,28.93,17,7.35,292,9.02,150,20.84,323,18.14,328,28.97,6,13.79,289,18.2,53,28.7370592355728,216
"2025","Dartmouth",76.4,309,-1.39,304,-0.61,258,0.16,156,-0.58,261,-1.6,311,-1,305,1.58419,219,26.52,290,22.45,85,18.56,223,23.03,69,19.53,227,16.41,297,36.42,165,27.4,156,9.39,337,16.72,42,10.03,119,28.26,109,21.41,242,19.17,179,20.11,58,11.03,330,50.5360722541809,61
"2025","Davidson",78.4,31,0.72,100,0.27,134,1.03,50,1.09,66,2.88,6,0.5,112,1.90742,136,24.24,321,26.01,19,17.1,287,22.77,78,18.13,273,15.95,311,31.26,259,26.68,168,11.15,312,7.04,300,23.8,3,22.55,281,22.02,229,23.32,59,17.17,139,14.89,151,53.9629220962524,42
"2025","Dayton",76.17,328,1.57,36,0.16,150,-1.23,322,-3,360,-2.67,340,0.87,71,2.94003,13,27.42,279,19.93,150,23.17,64,19.3,194,18.59,263,18.93,218,35.45,190,21.21,271,20.7,111,12.82,117,9.72,128,21.94,296,23.03,193,26.17,19,16.46,174,12.31,286,47.9437261819839,75
"2025","Delaware",77.31,167,-1.39,304,-1.2,327,-0.11,191,0.72,88,2.48,11,-1.29,328,1.10613,297,20.46,355,20.01,148,22.23,88,19.46,190,20.19,193,18.1,252,27.06,327,23.6,225,21.75,81,17.14,37,10.42,109,23.52,251,18.44,320,21.59,100,19.04,79,17.39,74,28.34113240242,221
"2025","Delaware St.",77.09,195,0.84,93,1.71,26,-1.08,303,-1.41,330,-0.64,249,1.27,49,1.63322,206,23.16,334,10.12,364,21.31,116,16.08,298,25.8,27,26.63,32,26.35,335,21.16,273,32.36,7,13.27,111,6.77,243,18.66,352,25.74,97,17.43,233,23.48,8,14.62,166,37.1463447809219,153
"2025","Denver",76.3,318,0.11,175,-0.86,283,-1.27,324,-1.73,340,-0.79,259,-0.38,220,0.912239,320,37.59,49,16.88,254,14.33,345,17.36,258,26.28,23,25.09,52,39.43,100,17.99,325,20.61,116,7.9,277,13.96,41,24.96,212,14.94,360,17.1,252,20.18,55,22.76,4,39.8567527532578,140
"2025","DePaul",77.21,180,-0.16,203,0.05,165,0.66,97,-1.11,303,0.59,135,-0.06,183,2.16852,94,38.38,36,19.88,151,23.08,67,18.56,219,20.09,196,18.35,238,34.24,214,22.93,238,14.96,235,12.87,116,14.91,33,31.17,42,19.81,288,17.99,221,17.31,133,13.64,216,0,357
"2025","Detroit Mercy",77.62,114,-0.21,205,0.31,127,0.14,164,1.09,64,0.75,116,0.05,169,0.988972,311,35.73,69,11.18,362,20.76,137,19.26,195,22.56,93,26.18,34,35.85,182,21.01,276,17.42,189,14.18,91,11.46,89,25.01,211,22.03,227,17.44,232,17.26,136,18.19,54,9.91192981600761,319
"2025","Drake",77.32,159,-1.73,337,-0.94,294,-0.11,191,0.96,71,2.4,12,-1.34,330,0.326841,358,24.4,318,23.1,70,18.7,214,15.89,301,21.86,121,20.43,161,43.53,42,22.71,242,11.45,306,9.81,222,12.48,67,30.21,67,14.97,359,13.79,346,17.53,125,23.48,1,4.36766892671585,339
"2025","Drexel",77.63,112,-1.39,304,-0.05,180,0.58,110,1.68,21,1.3,68,-0.72,275,0.717205,341,22.58,339,15.14,318,17.4,267,21.47,119,22.31,108,23.66,83,30.3,280,27.99,145,15.47,228,16.08,52,10.11,114,22.17,289,22.05,226,21.3,108,18.65,90,15.77,118,18.6829254031181,278
"2025","Duke",79.76,1,2.7,10,1.44,41,1.44,31,2.68,2,4.53,1,2.07,11,1.95792,128,31.04,183,15.5,309,27.48,10,22.47,87,16.04,327,18.52,232,49.84,13,17.82,329,10.44,325,12.46,128,9.44,134,25.43,196,26.95,68,14.36,341,19.84,63,13.42,227,20.9128454327583,268
"2025","Duquesne",76.83,241,-0.77,247,0.6,104,0.36,132,0.36,144,-2.44,337,-0.08,190,2.19434,90,38.71,32,19.51,167,16.02,315,21.89,106,24.06,52,18.5,233,43.25,44,22.25,250,20.63,112,10.2,202,3.6,354,28.55,99,20.59,272,25.77,24,12.23,329,12.81,262,34.9147856235504,172
"2025","East Carolina",76.74,259,-1.56,330,-0.98,298,-1.35,330,-0.32,220,1.88,28,-1.27,323,2.64495,41,19.91,358,25.09,33,15.46,323,18.76,215,13.36,359,27.28,27,27.19,324,18.5,317,24.58,40,10.8,183,18.88,11,21.66,304,18.82,307,20.77,124,16.59,166,22.13,8,28.5037904977798,219
"2025","East Tennessee St.",76.65,272,-0.05,193,-0.98,299,-0.54,258,-1.07,300,-0.12,206,-0.52,245,1.9904,126,30.36,206,23.36,64,14.05,347,16.75,278,16.67,316,29.17,14,27.06,326,29.18,119,25.84,33,5.38,337,12.54,66,26.23,171,26.67,75,19.99,152,11.56,343,15.55,129,61.8328869342804,19
"2025","East Texas A&M",76.3,316,-1.39,304,-0.32,220,-0.53,255,-1.55,336,-0.72,254,-0.85,291,0.718781,340,41.87,11,19.71,156,18.74,212,25.31,34,20.84,163,15.35,328,41.13,80,17.56,332,20.3,123,11.1,171,9.85,123,28.19,113,26.3,80,15.9,301,16.86,157,12.69,270,18.0385321378708,284
"2025","Eastern Illinois",76.55,287,-1.32,302,-0.73,275,-1.7,344,-0.41,250,0.88,97,-1.03,309,1.05305,303,29.07,248,11.65,360,20.84,132,19.66,183,28.95,6,18.87,222,40.58,86,31.48,79,9.22,339,11.48,157,7.18,220,21.89,297,29.23,30,15.86,303,18.81,84,14.17,191,34.3763768672943,178
"2025","Eastern Kentucky",76.79,247,-0.81,258,-0.08,182,0.32,137,-0.38,245,-1.14,295,-0.44,229,1.45183,235,32.06,158,17.39,236,16.4,303,23.91,55,21,156,21.28,141,28.46,309,35.87,35,16.54,204,10.55,189,8.55,171,30.7,55,28.06,46,18.65,196,11.15,353,11.4,321,23.5487297177315,254
"2025","Eastern Michigan",77.31,164,-0.58,230,0.91,64,1.23,37,-0.15,199,-0.89,267,0.17,153,1.80036,163,22.19,344,15.93,297,26.88,14,13.02,354,20.09,197,24.02,78,38.57,121,35.94,34,14.64,245,4.16,356,6.6,253,19.08,345,22.65,205,20.83,121,16.75,162,20.63,21,28.4768223762512,220
"2025","Eastern Washington",77.41,141,-0.8,254,-0.72,273,0.09,168,0.91,76,1.57,49,-0.76,280,0.302639,359,32.59,144,19.97,149,15.72,318,18.49,222,29.3,4,16.45,295,32.5,243,16.42,339,18.01,174,13.91,98,19.09,10,23.92,239,18.71,312,17.54,229,18.6,92,21.14,14,9.45273637771606,324
"2025","Elon",79.67,2,4.52,1,2.02,13,2.23,8,1.35,46,2.2,18,3.27,1,1.18613,285,31.54,170,18.7,205,17.23,280,20.56,151,27.68,12,15.78,316,37.54,145,22.71,240,13.22,273,12.82,118,13.62,44,31.15,43,22.21,219,16.81,264,13.74,291,16.01,112,43.4141755104065,112
"2025","Evansville",78.32,37,0.83,94,2.07,12,1.89,11,0.85,81,-0.05,199,1.45,31,1.24637,271,24.37,319,20.75,121,14.69,336,20.62,149,17.23,299,26.66,31,33.85,219,25.56,190,18.84,153,16.01,53,5.68,298,22.66,278,20.76,265,21.89,91,18.32,102,16.31,98,29.4931054115295,212
"2025","Fairfield",76.03,340,0.38,144,-0.17,206,-1.34,328,-1.58,337,-3.16,358,0.1,160,1.76321,173,33.38,125,18.15,217,15.6,321,23.77,58,18.17,271,24.31,71,35.71,186,18.8,312,31.76,10,7.96,275,5.74,294,25.17,207,16.95,346,28.62,7,13.69,292,15.55,130,24.0036055445671,248
"2025","Fairleigh Dickinson",76.21,323,-1.97,352,-1.28,332,-1.24,323,-0.37,243,-0.12,206,-1.63,346,0.991687,309,24.91,313,17.09,242,18.81,211,18.43,224,30.68,2,14.93,335,40.65,85,19.33,305,12.12,296,14.98,68,12.84,63,28.53,100,18.62,314,16.67,269,22.18,19,13.93,203,38.4975492954254,147
"2025","FIU",76.83,240,0.69,104,-0.58,252,-0.85,289,-0.94,291,-0.2,220,0.06,168,1.22913,277,35.5,72,23.81,55,22.99,70,19.51,188,17.33,295,16.37,300,34.33,213,23.07,233,21.4,95,14.94,71,6.26,275,23.51,253,25.75,96,20.52,134,15.27,227,14.96,146,36.7060005664825,157
"2025","Florida",77.93,79,1.52,39,1.89,17,-0.58,265,-0.01,189,0.8,113,1.71,22,2.42082,62,29.72,225,17.52,232,17.65,259,19.39,192,23.69,64,21.71,134,40.12,93,34.83,42,8.98,342,6.21,319,9.75,127,30.43,63,25.08,113,13.21,350,15.7,203,15.5,132,53.6989986896515,44
"2025","Florida A&M",77.17,187,0.89,91,0.64,100,-1.11,305,-0.11,193,-0.49,241,0.76,78,0.761122,335,34.9,83,14.57,330,16.39,305,16.64,284,23.3,72,29.06,15,30.87,267,21.71,261,25.2,37,13.76,100,8.35,179,25.46,194,23.65,172,18.82,192,16.63,165,15.38,134,27.1623462438583,231
"2025","Florida Atlantic",77.65,110,2.05,18,0.68,96,0.67,95,-1.06,299,-0.12,206,1.36,43,2.00185,123,33.55,122,24,47,25.46,28,16.68,282,17.43,294,16.38,298,36.6,160,30.77,89,17.61,182,7.49,286,7.47,211,30.87,52,25.36,108,15.89,302,14.25,270,13.56,222,2.75185257196426,346
"2025","Florida Gulf Coast",76.9,222,-1.08,287,-0.63,261,-0.38,236,0.21,159,0.37,151,-0.86,293,2.17201,93,27.71,273,21.83,99,19.83,171,17.81,247,20.75,169,19.72,192,33.22,228,25.84,187,22.8,63,13.51,105,4.55,338,23.7,242,23.97,154,20.7,125,15.01,241,16.57,89,36.1396640539169,165
"2025","Florida St.",79.33,4,1.87,23,2.39,6,1.89,11,3.09,1,1.38,63,2.13,9,1.34044,254,36.98,57,23.24,66,19.7,179,15.76,304,24.6,42,16.7,291,47.59,19,17.31,334,12.31,292,14.75,74,8.01,193,26.1,173,23.63,174,16.21,293,21.46,31,12.59,276,26.1139988899231,234
"2025","Fordham",76.36,313,-0.55,229,-0.5,239,0.55,113,-1.81,343,-1.89,331,-0.53,246,1.87653,147,32.18,154,16.68,267,16.74,296,17.27,263,16.99,304,32.27,2,38.04,135,22.84,239,21.18,102,11.33,164,6.53,257,26.07,174,25.59,103,20.23,147,14.43,259,13.61,220,49.3542075157166,66
"2025","Fresno St.",77.68,109,1.36,47,1.2,51,0.92,57,0.2,160,-1.34,300,1.28,48,0.420392,356,30.88,188,14.77,325,20.29,149,22.47,88,21.37,138,21.1,146,45.75,27,28.53,134,9.71,334,8.06,273,7.91,197,25.75,183,19.62,295,23.22,62,18.12,109,13.27,239,11.4668801426888,311
"2025","Furman",77.85,85,1.55,37,1.01,60,1.21,38,0.04,178,-0.59,247,1.28,46,1.23394,275,29.87,217,18.95,195,17.97,249,13.64,343,21.01,154,28.4,17,28.65,308,20.18,289,40.68,1,4.48,350,5.94,288,25.3,201,23.26,184,22.67,71,10.27,360,18.45,47,44.4900751113892,102
"2025","Gardner Webb",76.7,266,-0.73,241,-0.89,285,0.89,61,-0.15,201,-1.66,318,-0.81,286,1.75783,176,31.04,184,14.59,328,17.08,289,23.62,60,18.11,277,26.57,33,35.83,184,24.13,211,21.55,87,11.59,155,6.85,236,35.06,12,21.37,246,16.24,291,13.19,309,14.1,194,28.7108331918716,217
"2025","George Mason",77.53,124,0.4,141,0.52,113,0.07,170,0.68,95,-0.03,197,0.46,116,2.82546,23,33.3,130,19.52,166,24.74,36,22.29,95,14.6,352,18.84,224,31.47,254,27.56,152,13.96,254,21.14,16,5.83,292,22.87,271,28.47,40,13.06,351,20.64,41,14.95,147,37.0663940906525,154
"2025","George Washington",77.7,104,1.1,70,0.26,136,-0.31,231,0.15,169,1.27,71,0.68,88,1.64871,205,32.63,142,23.35,65,18.31,236,21.36,127,18.81,260,18.11,251,43.19,47,23.82,221,12.54,286,10.62,187,9.76,126,30.2,69,23.25,185,15.26,322,18.69,87,12.53,278,33.7007194757462,189
"2025","Georgetown",78.56,21,1.2,59,1.75,23,2.5,5,0.48,131,0.88,97,1.47,30,1.77799,170,26.93,288,20.24,139,21.45,110,19.63,185,19.25,246,19.43,205,32.23,247,25.36,196,21.87,79,9.37,232,11.17,94,30.49,59,22.77,203,20.58,131,12.92,320,13.23,240,20.3971728682518,270
"2025","Georgia",78.91,9,1.61,33,1.7,27,0.24,145,1.68,21,3.3,3,1.65,24,1.86219,151,31.83,164,24.13,45,15.74,317,19.96,168,20.29,190,19.83,187,42.14,67,28.95,124,10.62,321,9.88,216,8.33,181,25.24,205,21.16,255,14.56,334,20.84,38,18.14,55,28.67731153965,218
"2025","Georgia Southern",77.27,171,-0.39,212,0.71,93,0.83,84,-0.12,197,-0.68,251,0.16,155,1.25943,269,39.07,27,16.82,257,14.62,340,21.17,130,19.54,226,27.84,23,35.45,189,28.69,130,17.41,190,8.77,254,9.65,132,28.51,102,21.52,239,22,89,14.33,265,13.62,218,35.954675078392,166
"2025","Georgia St.",78.22,45,0.43,136,0.83,81,1.35,33,1.82,18,0.63,129,0.63,95,1.7425,182,21.32,348,23.81,54,18.62,219,23.83,56,20.4,186,13.28,355,30.01,283,38.67,19,13.24,272,9.26,237,8.74,160,26.79,156,32.17,9,14.49,337,10.72,358,15.77,119,16.3858652114868,294
"2025","Georgia Tech",78.01,66,0.42,138,1.28,45,1.15,44,-0.32,220,1.48,55,0.85,72,1.904,138,28.85,257,15.67,304,20.26,155,20.79,142,22.17,111,21.06,147,38,136,29.13,121,19.1,151,8.66,256,5.05,317,28.17,115,25.85,92,16.62,274,13.12,311,16.18,104,27.9097706079483,226
"2025","Gonzaga",77.31,161,0.53,126,0.87,77,0.31,138,-0.27,216,-0.9,269,0.7,84,2.98306,10,31.73,168,26.62,16,25.44,29,14,337,19.22,247,14.65,337,39.39,101,39.5,13,10.15,330,6.73,308,4.16,347,23.52,252,33.57,3,17.29,242,13.31,304,12.24,290,70.2883005142212,4
"2025","Grambling St.",77.07,197,0.02,185,0.62,102,-0.53,256,-0.89,284,0.12,183,0.32,134,0.893403,321,33.83,113,22.19,93,16.15,314,15.98,300,20.71,172,24.94,55,26.48,333,34.34,46,17.25,193,11.74,150,10.16,112,18.76,349,23.07,189,21.53,101,18.64,91,17.96,59,34.3317329883575,179
"2025","Grand Canyon",78.13,52,0.22,161,1.02,59,1.08,47,0.68,95,1.61,48,0.62,96,2.61659,44,30.25,209,19.28,177,24.74,37,21.45,120,16.73,313,17.74,265,42.05,69,18.73,313,17.17,196,10.41,195,11.56,87,27.97,119,24.94,121,22.06,86,14.18,277,10.77,341,58.126026391983,28
"2025","Green Bay",76.32,314,-1.92,350,-1.83,352,-0.65,273,-0.9,286,0.88,97,-1.87,358,1.17865,288,37.99,42,20.23,140,27.15,12,17.82,245,20.32,189,14.41,341,23.54,348,20.02,292,24.48,43,17.92,29,13.98,40,24.37,227,19.8,289,18.3,210,19.95,60,17.51,71,35.3736877441406,170
"2025","Hampton",76.78,249,-1.24,298,-0.09,183,0.48,120,-0.87,282,-0.41,235,-0.66,263,1.82681,159,37.57,50,17.06,245,14.87,333,21.61,115,20.92,160,25.52,43,30.54,274,33.39,54,19.69,136,8.24,271,8.12,188,23.56,247,30.34,18,19.28,174,13.49,297,13.33,235,11.8397854268551,307
"2025","Harvard",76.63,278,-2.56,362,-1.53,341,-0.11,191,0.78,86,0.54,139,-2.04,360,1.30066,262,24.7,316,18.98,193,21.08,126,24.43,49,19.36,233,16.13,308,23.22,351,18.84,310,28.55,18,17.42,33,11.94,76,19.61,339,16.91,347,25.82,23,21.91,24,15.73,121,39.2513632774353,143
"2025","Hawaii",77.96,75,0.61,109,1.95,14,0.88,80,0.41,136,-0.09,203,1.28,47,1.57788,220,40.84,17,20.75,122,24.94,34,21.65,113,14.58,353,18.04,253,31.05,263,35.26,39,20.83,108,8.36,266,4.44,342,21.54,307,26.55,76,23.46,53,15.19,233,13.2,242,25.0145256519318,240
"2025","High Point",77.05,201,1.45,45,-0.12,199,-1.51,335,-0.51,257,-0.07,202,0.67,91,2.37143,67,37.38,53,15.3,312,23.38,61,15.58,308,22.83,85,22.88,105,46.96,21,28.63,131,8.49,345,9.11,244,6.77,245,36.69,5,18.74,311,15.62,315,14.79,248,14.12,192,52.8236925601959,49
"2025","Hofstra",77.04,206,0.01,186,-0.91,287,-1.5,334,-0.32,220,1.88,28,-0.45,230,1.40013,244,34.18,98,18.7,204,14.65,338,18.22,232,22.57,92,25.87,39,61.59,1,18.14,323,5.66,360,8.9,251,5.71,297,32.15,26,18.5,318,11.46,360,20.18,54,17.71,63,22.1661359071732,259
"2025","Holy Cross",77.26,173,-2.11,355,-1.09,305,0.89,61,1.9,16,0.71,121,-1.6,344,1.13652,293,26.46,292,15.67,303,20.21,157,22.3,93,23.91,59,17.91,258,29.72,286,28.32,138,21.54,88,15.03,67,5.38,308,24.01,236,18.17,327,21.21,110,20.93,37,15.68,123,46.6950654983521,84
"2025","Houston",76.82,242,-1.39,304,0.2,144,-0.74,282,-0.21,207,0.24,166,-0.6,257,2.64574,40,29.83,221,15.24,314,18.66,217,19.18,199,21.57,131,25.35,49,46.22,24,26.63,169,9.12,340,13.43,108,4.6,334,26.46,160,20.71,268,17.52,231,23.31,11,11.99,300,67.1882808208466,8
"2025","Houston Christian",75.84,344,-3.03,364,-1.34,337,-2.02,355,-1.32,317,0.88,97,-2.18,361,0.833342,327,29.84,220,14.19,337,11.08,363,16.35,290,28.88,7,29.51,11,31.79,249,33.15,60,11.98,297,9.61,226,13.47,47,14.48,362,23.93,157,18.42,207,20.35,49,22.81,3,9.36331078410149,325
"2025","Howard",76.8,246,-1.13,290,-0.45,232,-0.26,228,-0.12,195,-0.09,204,-0.79,285,1.80235,162,22.81,337,24.87,34,22.56,84,15.74,305,18.65,262,18.12,250,23.97,347,22.61,243,27.69,21,15.58,62,10.07,118,27.95,120,20.3,281,22.02,88,17.36,130,12.3,288,31.0022622346878,202
"2025","Idaho",76.77,253,-1,278,-0.14,202,0.14,161,-0.74,276,-0.45,239,-0.57,251,0.723751,338,33,133,21.28,109,20.3,148,19.89,172,22.08,114,16.44,296,38.5,124,10.77,362,22.43,72,17.58,31,10.71,101,29.63,79,19.37,298,25.45,28,13.65,293,11.9,302,33.5709124803543,191
"2025","Idaho St.",77.58,119,0.77,96,-0.09,183,0.64,99,0.4,140,0.13,181,0.34,133,0.674125,346,22.55,340,14,340,15.12,328,19.11,200,20.96,158,30.75,6,29.26,297,20.56,283,18.47,164,27.29,3,4.31,344,20.94,319,16.54,348,17.15,249,28.29,2,16.99,81,22.6291850209236,257
"2025","Illinois",78.84,14,2.06,17,1.58,33,2.06,10,1.99,13,0.48,140,1.82,15,1.07917,301,30.94,186,21.03,115,17.33,273,21.4,125,21.41,137,18.77,228,34.13,215,15.8,341,19.57,139,14.75,73,15.68,24,32.22,25,14.92,361,20.4,140,18.93,83,13.47,225,2.81557478010654,345
"2025","Illinois Chicago",76.52,292,-0.44,222,-0.69,268,-0.71,281,0.26,153,-1.84,328,-0.57,252,1.95082,129,31.32,175,23.61,59,17.38,270,16.14,296,17.57,290,25.25,50,54.4,4,13.44,355,16.55,203,10.49,191,5.04,318,38.72,2,14.89,362,17.95,222,13.38,301,15,142,21.535812318325,265
"2025","Illinois St.",76.17,329,-0.78,250,-0.93,292,-0.93,295,-0.94,290,-1.61,312,-0.85,292,1.90648,137,32.49,150,29.22,4,16.48,300,14.02,336,17.48,292,22.76,109,43.63,41,20.41,284,23.81,53,7.19,295,4.91,325,23.55,248,21.36,247,19.73,160,16.17,185,19.16,33,49.4232416152954,65
"2025","Incarnate Word",77.42,140,-0.8,256,0.22,141,0.19,153,0.71,91,0.74,118,-0.29,214,1.84836,154,26.07,299,15.86,299,13.84,352,22.93,72,25.19,33,22.14,120,39.33,103,29.79,107,21.44,93,3.08,363,6.32,272,25.55,193,26.85,70,19.19,176,14.39,261,13.98,202,27.7664422988892,227
"2025","Indiana",78.89,11,1.75,26,1.6,32,1.54,25,1.63,31,1.88,28,1.67,23,2.27642,76,30.86,190,25.99,20,25.39,31,16.39,289,14.42,355,17.78,263,42.83,56,23.04,234,13.73,259,12.67,123,7.68,205,33.7,15,23.74,167,16.48,281,11.78,340,14.25,184,40.945166349411,132
"2025","Indiana St.",77.47,134,-0.73,242,-0.55,248,0.89,61,1.42,41,0.29,160,-0.64,262,1.11356,296,35.8,68,24.7,38,19.05,204,15.29,313,19.66,221,21.27,143,38.64,117,26.41,176,13.11,274,13.9,99,7.88,199,25.73,184,25.01,115,14.72,331,16.96,151,17.54,70,3.06402780115604,344
"2025","Iona",76.44,304,-0.86,264,-0.05,178,-1.69,343,-0.38,244,-0.85,262,-0.45,231,0.792821,332,38.55,33,14.96,320,24.09,44,12.59,359,21.53,133,26.79,29,19.44,363,40.73,8,20.01,129,5.86,325,13.89,43,17.54,357,31.1,12,16.46,282,13.39,299,21.46,12,0,357
"2025","Iowa",78.11,55,-0.14,200,0.9,75,1.79,18,1.98,14,-0.01,196,0.38,128,1.79551,164,33.02,132,21.12,113,23.07,68,18.88,209,19.33,237,17.55,274,39.57,99,24.09,212,19.13,150,6.5,314,10.62,103,25.29,202,26.91,69,19.67,162,15.27,228,12.78,263,50.7077872753143,59
"2025","Iowa St.",78,69,0.93,86,1.5,36,0.29,139,0.68,95,0.58,136,1.21,52,2.81471,24,29.94,214,19.31,175,21.64,103,14.59,327,24.66,41,19.77,190,45.61,28,19.09,307,15.59,225,7.63,283,12.04,74,24.25,231,25.89,89,19.52,165,18.47,95,11.84,304,55.4818391799927,39
"2025","IU Indy",76.63,279,-1.82,343,-0.76,279,-0.11,191,-0.29,218,0.08,186,-1.29,327,0.25516,362,22.21,343,18.71,202,16.27,310,27.13,17,23.84,60,13.98,348,41.81,74,34.68,43,11.32,310,8.52,260,3.58,355,29.88,77,30.33,19,18.17,214,11.5,346,10.05,346,0,357
"2025","Jackson St.",76.24,319,0.92,88,-0.46,234,-1.02,300,-1.42,331,-2.83,346,0.23,141,1.48272,233,36.98,58,21.49,105,17.24,279,17.85,244,23.18,76,20.21,170,36.12,174,28.53,135,15.12,232,8.44,263,11.72,81,22.85,272,23.51,176,18.58,199,22.01,22,13.01,249,11.1663229763508,312
"2025","Jacksonville",77.41,142,-0.39,212,0.79,85,0.12,165,-0.39,248,0.88,97,0.2,145,1.5649,223,34.31,95,16.51,274,22.47,86,23.07,67,20.72,170,17.2,278,39.06,110,23.4,228,11.09,313,11.72,151,14.7,36,25.72,185,23.98,153,18.23,212,17.95,113,14.08,196,38.2205754518509,149
"2025","Jacksonville St.",77.58,118,1.05,76,-0.09,183,0.89,77,1.21,55,-1.19,297,0.48,115,1.62908,208,30.5,199,14.34,333,17.6,262,18.74,216,28.8,8,20.49,158,40.71,84,34.22,47,11.56,305,7.37,291,6.09,283,26.45,161,26.76,72,17.39,236,17.71,118,11.67,311,20.0324788689613,272
"2025","James Madison",76.9,225,1.21,58,-0.41,230,-0.1,190,-0.83,281,-1.41,304,0.4,125,2.34466,69,28.88,255,19.54,164,12.51,359,17.81,248,22.35,102,27.77,24,35.03,197,23.03,235,32,9,4.98,344,4.88,326,22.64,279,23.82,161,22.33,77,16.94,152,14.23,186,10.7250086963177,315
"2025","Kansas",77.96,74,3.46,2,0.28,133,0.72,92,-0.15,200,-0.53,245,1.87,13,3.639,1,28.34,265,27.92,10,18.16,241,18.02,237,20.14,195,15.69,317,43.5,43,28.31,139,15.64,224,6.21,320,6.24,277,36.63,6,17.34,339,15.1,325,17.45,127,13.4,232,44.539937376976,100
"2025","Kansas City",77.53,126,-1.2,296,-0.7,269,0.63,102,1.49,35,1.41,60,-0.95,299,1.38112,249,28.72,258,13.31,348,20.84,133,18.54,220,27.06,17,20.23,169,26.62,332,17.65,331,12.38,291,32.34,1,10.95,97,20.61,326,18.88,304,19.05,183,22.68,16,18.74,43,60.5823040008545,22
"2025","Kansas St.",77.29,168,0.99,82,1.24,48,-0.61,268,0.54,128,-1.72,323,1.12,56,2.57012,47,24.1,324,17.61,231,24.25,43,19.87,174,19.35,235,18.88,220,29.54,289,43.77,2,4.47,363,18.18,28,3.97,350,27.5,133,27.94,51,15.26,323,15.85,198,13.4,229,15.8785209059715,295
"2025","Kennesaw St.",77.55,122,-1.15,293,0.31,128,0.49,118,0.99,68,1.07,83,-0.42,227,1.20496,280,29.75,223,13.12,351,17.95,251,20.61,150,22.3,109,26.02,36,42.25,64,27.54,153,15.65,223,10.06,207,4.51,340,27.47,136,25.83,93,22.2,82,14.53,255,9.97,351,29.6473473310471,211
"2025","Kent St.",75.34,356,-0.88,267,-1.12,323,-1.2,321,-3.22,362,-2.88,349,-1,306,2.15602,97,34.63,87,17.8,227,23.62,53,22.37,91,11.43,364,24.78,60,36.52,161,27.63,151,20.39,120,12.13,139,3.33,359,30.04,73,24.73,129,19.29,173,14.52,256,11.42,319,45.8973437547684,93
"2025","Kentucky",78.55,22,1.18,60,1.57,35,1.5,28,1.29,50,1.18,77,1.38,42,3.05353,7,39.4,24,18.63,207,20.85,131,20.46,154,20.45,183,19.6,196,28.8,307,31.59,76,7.17,353,17.2,35,15.23,29,23.42,257,29.43,27,16.06,295,17.64,120,13.44,226,0.0440722797065973,355
"2025","La Salle",76.81,244,-0.07,196,0.28,132,-0.2,223,-1.13,306,-0.88,265,0.11,159,1.88576,146,29.86,218,17.81,226,17.82,254,17.74,249,21,155,25.6,41,42.84,55,23.62,222,14.78,241,12.23,133,6.47,262,27.93,123,22.64,206,18.08,218,17.58,122,13.73,213,34.622386097908,173
"2025","Lafayette",76.14,332,1.87,24,-1.81,351,-1.32,327,-1.74,341,-2.34,335,0.03,171,1.11918,294,34.5,91,20.55,127,27.64,9,17.86,242,15.7,336,18.23,244,34.95,199,16.52,337,21.85,80,14.04,94,12.61,64,29.05,89,16.53,349,20.32,141,18.17,106,15.89,115,46.5626686811447,86
"2025","Lamar",77.05,204,0.55,120,1.19,52,0.22,146,-1.94,345,-0.82,261,0.87,70,1.20405,281,30.52,197,19.67,160,18.47,227,13.49,347,22.98,82,25.37,47,28.95,305,38.02,22,19.41,144,7.12,298,6.44,264,23.01,268,28.48,39,19.83,155,14.41,260,14.23,187,46.7025369405746,83
"2025","Le Moyne",76.9,223,-1.39,304,0.87,78,-0.2,222,-0.67,266,-0.12,217,-0.26,209,1.01622,307,37.54,51,18.6,209,21.13,123,17.53,253,21.64,129,21.04,148,22.54,353,37.49,24,16.02,215,10.88,181,13.04,57,27.37,138,29.34,28,11.29,361,14.69,250,17.27,77,29.0676951408386,213
"2025","Lehigh",76.22,321,0.1,176,-0.92,291,-1.4,332,-1.32,317,-1.4,303,-0.41,226,1.60442,215,30.89,187,16.48,276,16.51,298,20.06,166,26.78,18,20.11,172,42.88,53,19.59,298,15.81,221,8.27,270,13.39,49,24.28,229,17.29,340,20.19,148,17.31,132,20.89,17,55.817586183548,36
"2025","Liberty",75.67,347,-1.27,299,-0.3,219,0,180,-3.11,361,-2.97,352,-0.79,283,1.8927,143,21.29,349,20.88,119,17.88,253,22.66,82,21.61,130,16.95,282,43.23,45,32.8,61,13.98,253,5.4,336,4.56,335,25.64,187,23.76,166,23.92,47,16.39,175,10.27,345,52.2370398044586,51
"2025","Lindenwood",76.91,220,0.11,174,-2.09,358,-0.58,264,0,187,1.08,82,-0.99,304,0.962045,313,29.28,241,16.82,258,23.27,63,22.65,83,19.74,218,17.49,275,35.26,194,23.86,219,20.73,110,12.15,138,7.93,195,23.72,241,23.73,168,19.84,154,19.46,73,13.21,241,12.1182426810265,305
"2025","Lipscomb",76.71,264,0.55,123,0.56,109,-2.11,356,-0.34,240,-1.12,287,0.55,103,2.68035,33,23.19,333,18.63,206,26.28,18,16.56,287,20.34,188,18.17,246,31.41,256,26.97,163,16.01,216,19.26,23,6.31,273,18.7,351,27.44,58,15.67,312,21.56,29,16.6,87,41.5399372577667,127
"2025","Little Rock",78.12,54,-0.41,218,0.64,99,1.32,34,1.26,51,1.77,39,0.12,158,1.14683,292,17.39,363,16.19,286,21.28,118,23.61,61,22.83,86,16.02,310,34.08,218,27.34,159,14.76,244,14.96,69,8.78,157,22.55,282,16.03,351,22.09,85,22.68,15,16.58,88,11.4928394556046,310
"2025","LIU",76.88,230,-1.43,322,-1.29,333,-0.11,191,0.71,90,0.48,141,-1.36,331,1.06192,302,28.62,261,13.96,342,17.09,288,22.29,94,22.43,100,24.23,72,33.36,227,23.52,226,20.31,122,16.89,41,5.93,289,24.08,234,17.43,337,22.15,84,15.64,208,20.69,20,9.74819511175156,321
"2025","Long Beach St.",78.33,36,1.04,77,1.72,25,0.34,135,0.79,83,1.75,41,1.38,41,1.61691,213,29.36,240,14.73,327,14.56,343,27.31,16,20.48,181,22.85,107,46.36,23,29.7,108,10.51,323,5.46,332,7.89,198,30.59,57,21.96,230,22.7,70,12.78,324,11.89,303,4.08988147974014,340
"2025","Longwood",75.5,354,-1.89,349,-1.34,338,-1.89,350,-1.78,342,-1.63,314,-1.61,345,1.78315,169,32.74,140,23.98,49,20.11,162,16.24,292,18.89,255,20.74,152,38.2,131,23.95,216,15.67,222,14.73,77,7.37,213,28.22,111,18.4,321,17.34,238,19.7,67,16.27,101,33.853480219841,186
"2025","Louisiana",76.2,324,-1.57,331,-1.18,325,-1.14,318,-1,296,-0.12,206,-1.38,333,2.00204,122,38.06,41,18.84,198,27.45,11,16.73,279,18.81,258,18.15,249,41.42,76,33.94,49,13.77,257,6.69,309,4.15,348,25.97,178,30.85,16,16.95,258,12.59,327,13.61,219,37.1581971645355,152
"2025","Louisiana Monroe",77.96,76,1.5,41,0.47,117,-0.56,263,0.66,114,1.68,45,0.99,63,1.67359,203,23.2,332,13.99,341,19.47,187,21.53,117,23.21,75,21.75,133,30.43,276,29.52,112,11.68,302,22.93,10,5.38,309,25.39,197,25.77,94,15.08,326,20.42,47,13.29,237,59.1218769550323,25
"2025","Louisiana Tech",76.93,218,0.71,102,-0.97,297,-1.02,301,-0.32,220,0.25,164,-0.13,201,1.2118,279,27.24,283,28.38,8,14.96,329,20.22,161,17.72,286,18.73,229,41.1,81,30.45,95,10.71,320,12.71,122,5.02,320,21.62,305,29.3,29,22.65,72,16.55,167,9.89,352,40.2273058891296,137
"2025","Louisville",78.01,67,1.61,33,0.41,119,0.89,61,0.23,156,0.88,97,1.01,62,3.17552,5,23.29,331,15.18,317,20.55,144,21.02,136,19.99,204,23.25,94,31.42,255,20.79,280,21.28,98,20.36,19,6.16,281,23.42,258,21.56,237,21.61,98,19.84,62,13.57,221,0.132224778644741,352
"2025","Loyola Chicago",77.79,94,0.13,172,-0.11,197,0,182,0.68,95,2.21,17,0.01,176,2.48292,56,32.31,152,21.82,101,13.69,355,19.93,169,24.16,51,20.35,165,40.24,92,34.62,44,11.68,303,5.28,340,8.12,187,29.31,86,24.76,125,13.49,348,17.96,112,14.42,174,45.5022126436234,94
"2025","Loyola Marymount",78.91,10,2.21,14,1.35,42,1.61,21,1.97,15,1.37,64,1.78,18,2.55984,49,29.05,250,19.5,168,17.2,282,21.84,109,18.11,276,23.29,92,36.24,171,19.97,295,13.05,275,21.4,15,9.24,143,26.89,153,28.66,35,12.99,353,16.68,164,14.72,157,36.9170099496841,155
"2025","Loyola MD",77.33,158,0.61,109,-1.42,339,-0.68,275,0.64,115,1.48,56,-0.41,225,1.24516,272,24.07,326,28.19,9,18.86,209,16.89,274,21.84,122,14.17,345,49.27,14,19.52,299,14.77,243,7.74,281,8.64,166,31.07,46,16.98,345,14.63,332,20.31,50,16.96,83,44.3174988031387,104
"2025","LSU",77.06,200,0.42,139,0.3,129,-0.4,239,-0.32,220,-0.72,253,0.36,131,2.09641,112,35.98,66,16.51,275,20.68,139,15.85,302,20.78,167,26.14,35,29.5,291,38.48,20,19.63,138,6.56,313,5.77,293,25.04,210,25.76,95,15.77,307,16.35,177,17.02,79,13.5379567742348,302
"2025","Maine",77.22,177,0.54,125,-0.61,259,0.14,159,-0.2,206,0.2,173,-0.04,180,2.25039,81,23.99,327,16.16,289,23.56,56,26.1,24,19.56,225,14.55,339,50.1,12,14.22,349,8.14,349,14.36,87,13.12,52,21.53,310,29.66,23,18.05,219,14.22,275,16.47,92,52.3483753204346,50
"2025","Manhattan",75.14,360,-1.64,334,-0.88,284,-2.53,361,-2.59,354,-2.69,341,-1.26,319,0.849887,325,20.86,353,24.24,43,20.2,159,19.02,203,15.3,341,21.17,145,22.51,354,30.4,97,32.46,6,7.43,290,7.11,222,28.94,90,23.93,156,19.61,164,15.64,209,11.8,305,33.2660108804703,194
"2025","Marist",76.85,237,-1.15,292,-0.55,249,-0.16,220,-0.17,202,0.24,167,-0.85,289,1.18457,286,30.31,207,25.42,28,13.87,351,19.7,181,23.28,73,17.69,268,35.3,192,29.51,113,14.54,246,3.62,359,16.97,19,21.83,302,24.03,150,20.77,123,14.33,266,19.01,37,51.5697240829468,54
"2025","Marquette",78.33,35,0.65,105,0.84,80,0.18,154,1.68,21,2.29,15,0.75,79,2.0794,115,26.07,298,15.5,310,21.58,104,16.2,293,27.18,15,19.49,201,27.4,323,20.66,281,18.06,172,9.62,225,24.2,2,19.41,341,22.13,224,20.23,145,20.28,52,17.9,60,65.7679975032806,12
"2025","Marshall",77.35,152,-0.8,253,0.3,130,-0.11,191,0.75,87,0.59,134,-0.25,208,2.31077,72,24.98,312,25.7,22,17.67,258,18.94,207,18.83,257,18.86,223,24.45,344,38.92,18,18.58,161,11.25,167,6.81,240,24.47,222,28.69,33,16.58,278,17.34,131,12.91,254,37.7168744802475,151
"2025","Maryland",77.5,131,0.37,148,1.08,57,-0.61,270,0.55,126,0.08,185,0.72,81,2.15108,98,24.71,315,24.16,44,19.58,183,15.15,315,21.06,149,20,178,30.59,272,41.39,5,9.03,341,8.34,267,10.6,104,32.91,20,31.48,11,15.02,327,8.8,363,11.74,308,25.7841259241104,237
"2025","Maryland Eastern Shore",76.75,256,-0.91,272,-0.03,176,0.22,147,-0.43,251,-1.12,287,-0.47,236,0.632236,350,37.85,45,11.81,359,17.49,265,28.46,8,18.12,274,24.11,74,31.95,248,34.92,41,18.27,171,10.15,204,4.7,331,21.87,299,22.24,218,23.84,49,19.52,71,12.5,279,0,357
"2025","Massachusetts",76.72,262,-0.02,188,-0.15,204,-0.87,291,-0.89,285,-0.53,244,-0.08,195,1.30665,261,31.93,162,16.28,284,22.14,90,12.82,357,23.48,70,25.23,51,26.65,330,32.77,62,25.71,35,6.43,316,8.39,178,24.83,215,30.87,15,18.01,220,11.08,356,15.14,138,50.6176054477692,60
"2025","McNeese",77.05,202,-0.67,234,-0.91,288,0.09,169,0.13,171,0.61,131,-0.79,284,2.76355,28,34.44,92,14.84,321,19.75,174,17.86,243,27.73,11,19.83,186,38.4,127,22.46,247,20.2,127,9.97,211,8.97,151,28.05,117,22.93,196,18.4,208,14.98,243,15.64,125,41.3860082626343,129
"2025","Memphis",76.47,298,0.52,127,-0.48,236,-1.97,352,-0.69,268,-1.06,284,0.02,174,3.12166,6,23.83,328,21.91,96,15.57,322,18.91,208,25.56,32,17.98,257,46.48,22,25.57,189,7.07,354,11.45,159,9.35,139,31.55,36,22.2,220,10.6,364,20.02,59,15.55,128,10.9508186578751,314
"2025","Mercer",76.42,305,-1.13,291,-0.21,208,0.43,124,-0.67,265,-2.37,336,-0.67,266,1.55084,224,27.02,287,22.64,80,12.59,358,15.41,311,21.01,153,28.33,18,50.37,9,9.48,363,20.61,117,11.47,158,8.01,192,26.98,150,13.39,364,24.68,39,14.86,245,20.05,26,18.379071354866,281
"2025","Mercyhurst",75.04,362,-2.18,357,-1.27,331,-1.62,340,-2.89,359,-2.88,347,-1.73,354,0.745873,336,29.2,244,14.26,336,26.37,17,21.84,108,19.28,244,18.25,242,33,232,11.52,361,38.62,2,10,209,6.86,235,30.03,74,15.67,355,20.63,128,15.71,202,17.96,58,NA,NA
"2025","Merrimack",75.51,353,-2.39,359,-0.92,290,-1.11,305,-0.93,289,-3.12,355,-1.66,349,1.28648,263,20.57,354,17.16,240,15.4,325,19.7,182,16.02,328,31.71,3,36.91,155,22.21,251,6.97,355,11.24,168,22.59,4,31.63,33,23.22,186,13.03,352,14.5,257,17.6,67,41.6646659374237,125
"2025","Miami FL",77.81,91,-0.02,190,0.39,122,1.02,52,0.72,89,0.93,94,0.18,149,2.43592,60,37.76,46,18.61,208,18.71,213,26.62,20,17.67,287,18.31,240,40.83,83,31.06,84,9.62,336,9.33,234,9.08,148,28.41,105,24.28,143,21.46,102,13,316,12.76,266,21.0475832223892,267
"2025","Miami OH",77.4,144,1.09,73,-0.3,218,0.65,98,0.16,167,-0.64,248,0.4,126,1.27516,265,33.69,117,19.13,185,24.5,41,21.18,129,20.67,173,14.47,340,42.82,57,12.14,359,15.16,230,16.45,48,13.38,50,25.56,192,18.78,308,24.95,36,17.89,114,12.77,265,38.5637134313583,146
"2025","Michigan",79.11,5,3.3,3,3.13,2,0.1,166,1.37,44,1.65,46,3.21,2,2.25754,78,29.09,247,28.45,7,21.28,117,13.9,338,17.67,288,18.67,230,34.55,208,26.58,173,16.7,201,13.41,109,8.74,161,30.46,60,25.69,98,14.13,343,15.27,225,14.42,175,21.7548921704292,262
"2025","Michigan St.",77.94,78,1.98,20,1.46,38,-0.42,243,-0.22,209,0.88,97,1.72,21,1.60914,214,40.92,16,16.59,271,19.94,166,21.55,116,23.49,69,18.43,235,32.7,237,36.01,33,18.63,159,9.11,243,3.55,356,24.73,217,31.74,10,16.38,285,15.41,217,11.73,309,46.6269195079803,85
"2025","Middle Tennessee",77.21,181,0.27,159,0.49,115,-0.63,272,-0.32,220,0.2,172,0.38,129,2.5048,53,31.09,182,23.57,61,16.92,293,14.19,334,21.8,124,23.49,89,44.76,34,22.51,245,12.3,293,9.89,215,10.5,108,31.57,35,21.2,254,16.03,297,19.59,69,11.58,314,42.0177817344666,122
"2025","Milwaukee",76.64,273,-0.76,243,0.91,74,-1.13,317,-1.32,317,-0.5,242,0.07,164,2.09369,113,30.59,192,16.3,282,19.48,186,19.72,180,21.22,145,23.27,93,29.04,304,39.14,17,13.7,260,7.6,284,10.52,106,18.59,353,32.19,8,16.4,284,11.32,350,21.49,11,40.1097476482391,139
"2025","Minnesota",77.62,113,1.49,43,0.73,91,-0.29,230,-0.72,273,0.88,97,1.11,57,3.18785,4,27.25,282,30.75,1,17.93,252,15.81,303,15.13,344,20.31,166,24.09,346,42.75,3,16.47,206,11.59,154,5.02,321,31.15,44,20.73,267,18.5,201,13.09,312,16.46,93,33.5878640413284,190
"2025","Mississippi",76.19,326,-0.87,265,-0.5,240,-0.9,293,-1.15,308,-1.68,320,-0.68,269,3.46982,3,30.44,201,24.81,35,21.13,124,13.48,348,21.48,134,19.1,212,35.79,185,33.51,52,18.41,167,9.27,236,3.02,363,30.12,70,21.64,234,17.95,223,16.89,155,13.4,230,40.4432237148285,136
"2025","Mississippi St.",77.34,154,0.61,109,-0.01,173,0.63,101,1.11,62,-1.64,316,0.3,138,2.27205,77,31.82,165,22.92,72,17.13,286,13.69,342,20.89,162,25.37,46,37.61,143,25.93,183,22.76,64,10.84,182,2.87,364,32.79,21,22.53,209,16.92,259,16.31,179,11.45,317,41.4972394704819,128
"2025","Mississippi Valley St.",76.1,336,-0.9,270,-0.65,263,-0.79,286,-1.53,335,-1.67,319,-0.78,282,1.02106,306,36.76,61,18.06,219,22.94,71,20.98,137,17.93,283,20.08,174,40.42,90,25.47,191,13.85,256,7.88,278,12.38,69,26.04,175,22.88,200,20.23,146,17,147,13.84,207,23.8108590245247,251
"2025","Missouri",78.28,41,1.25,57,1.65,30,0.39,131,0.18,165,1.88,28,1.45,32,2.67261,35,37.94,44,14.08,338,22.62,79,21.4,124,20.57,178,21.27,142,36.23,172,21.54,263,15.49,227,11.88,146,14.76,35,30.06,71,21.14,256,16.87,260,13.03,315,18.83,40,28.0964583158493,224
"2025","Missouri St.",75.8,346,-2.08,354,-2.98,362,-2.11,356,-0.73,275,0.88,97,-2.53,363,1.1932,283,27.07,286,16.55,272,19.96,165,22.86,75,16.98,305,23.6,86,32.62,240,39.28,15,12.7,280,9.17,240,6.19,279,27.93,122,24.28,144,19.14,180,14.24,272,14.35,178,0.0800848880317062,353
"2025","Monmouth",78.75,16,1.02,79,0.67,98,1.66,20,1.68,21,2.71,8,0.85,73,1.69983,197,27.65,274,15.55,308,16.5,299,32.41,1,19.97,207,15.57,320,31.03,264,35.8,36,5.29,361,10.68,185,17.17,17,28.85,93,24.22,146,14.11,344,16.13,186,16.67,86,41.9160127639771,123
"2025","Montana",76.55,288,-1.24,297,-2.09,358,-0.7,279,0.41,138,0.33,156,-1.66,350,2.59182,46,29.61,228,16.95,251,21.91,96,21.91,105,23.07,79,16.13,307,29.85,285,21.72,260,27.88,20,8.92,250,11.56,86,20.67,324,21.29,251,24.12,45,21.76,25,12.13,296,25.7516503334045,238
"2025","Montana St.",78.48,24,-0.45,223,0.29,131,1.79,17,2.61,6,2.13,21,-0.08,189,2.12428,106,40.79,18,20.46,131,19.51,185,28.1,10,19.06,251,12.8,360,20.03,358,26.61,170,18.68,157,19.18,24,15.42,27,20.07,336,17.63,335,25.32,30,18.48,94,18.44,48,45.2063292264938,96
"2025","Morehead St.",77.43,138,0.5,129,-0.51,242,-1.11,305,0.68,95,1.56,52,0,177,1.62307,211,39.15,26,19.42,171,23.12,65,18.79,212,19.46,230,19.21,211,38.46,126,23.95,217,19.37,145,11.67,153,6.56,255,24.1,233,24.27,145,19.96,153,15.58,213,16.1,109,16.8648883700371,291
"2025","Morgan St.",76.16,331,0.08,179,-0.1,196,-0.35,233,-2.06,347,-2.79,345,-0.01,178,1.40492,242,32.96,135,16.6,269,20.21,158,21.11,134,16.44,319,25.59,42,37.5,146,21.47,265,21.53,89,8.9,252,10.51,107,27.48,135,21.41,243,21.2,112,15.16,235,14.67,162,64.8504137992859,14
"2025","Mount St. Mary's",76.89,227,-0.66,232,0.4,121,-0.41,240,-1.2,309,0.29,159,-0.13,199,1.41394,240,28.22,268,21.11,114,22.66,78,20.13,163,16.08,326,19.95,183,39.21,107,31.46,80,13.76,258,9.82,221,5.65,300,24.94,213,24.45,140,12.04,359,19.85,61,18.65,45,34.4882845878601,175
"2025","Murray St.",77.03,208,-2.03,353,-0.09,183,0.28,140,-0.06,191,1,87,-1.06,311,2.86273,20,22.13,345,21.72,102,20.81,134,17.36,259,20.6,176,19.49,202,34.98,198,29.46,115,21.41,94,8.52,261,5.6,301,27.94,121,24.05,148,19.99,151,13.97,285,14.01,200,41.0636246204376,131
"2025","N.C. State",76.95,214,0.54,124,-0.97,296,-0.84,287,0.02,185,-0.05,200,-0.21,206,2.45915,59,33.55,121,20.11,142,21.07,128,23.4,63,18.24,270,17.16,280,36.9,156,24.92,201,21.27,99,5.59,330,11.28,91,25.23,206,25.56,106,17.85,226,16.36,176,14.98,145,41.3425147533417,130
"2025","Navy",74.27,364,-0.41,219,-3.45,363,-3.48,364,-4.04,364,-3.33,360,-1.93,359,1.21714,278,23.8,330,16.2,285,17.7,257,15.27,314,21.77,125,29.05,16,45.13,30,24.54,206,16.33,211,6.94,303,7,228,31.18,40,27.56,55,12.53,356,14.81,247,13.87,205,61.2842559814453,20
"2025","Nebraska",78.24,44,1.5,42,0.79,84,1.14,45,1.32,48,0.42,147,1.15,55,2.79386,26,32.85,139,17.91,224,24.61,39,26.55,22,18.27,269,12.62,361,37.93,139,15.96,340,26.94,26,10.39,196,8.74,162,26.95,151,21.56,238,16.05,296,20.79,39,14.61,167,36.5403890609741,158
"2025","Nebraska Omaha",77.4,145,-0.89,269,0.91,64,0.45,122,-0.28,217,0.78,115,0.01,175,1.78799,167,31.14,178,10.43,363,21.21,121,24.64,44,20.05,200,23.64,84,38.1,133,19.99,293,19.53,140,13.38,110,8.94,153,19.23,343,24.7,130,27.08,16,15.31,223,13.64,217,46.1167752742767,91
"2025","Nevada",78.97,8,0.61,109,2.42,5,2.49,6,2.54,7,0.75,117,1.51,28,2.92461,15,33.91,108,19.64,161,27.13,13,22.72,79,14.32,357,16.16,305,38.54,122,21.07,275,20.62,113,12.43,129,7.29,217,21.15,316,22.13,223,23.38,57,15.26,229,18.05,56,43.2750403881073,113
"2025","New Hampshire",77.18,186,0.19,165,-0.45,233,-0.96,297,-0.27,214,1.33,65,-0.13,200,0.505707,354,34.65,86,17.02,248,17.15,284,13.9,339,29.17,5,22.71,111,40,94,30.5,91,12.52,287,10.76,184,6.09,282,28.46,104,20.52,274,14.55,335,17.23,137,19.16,32,8.59521999955177,328
"2025","New Mexico",78.48,25,0.61,109,2.19,10,2.11,9,0.57,124,0.88,97,1.4,35,2.4775,57,27.32,281,18.03,220,16.26,311,18.31,229,19.36,234,28.04,21,34.45,210,27.37,157,18.61,160,15.82,56,3.75,352,32.42,24,28.53,37,15.59,317,14.37,263,9.09,362,48.6009925603867,71
"2025","New Mexico St.",76.46,302,0.37,147,-0.21,210,-1.54,337,-1.32,317,-1.05,282,0.08,163,1.7243,189,33.81,115,17.67,230,25.86,23,15.51,310,21.72,126,19.22,210,33.38,225,35.27,38,19.9,132,5.5,331,5.93,290,28.92,91,32.47,7,15.68,311,13.15,310,9.76,354,30.1140010356903,208
"2025","New Orleans",75.37,355,-1.01,280,-0.77,280,-1.74,346,-2.49,351,-3.17,359,-0.89,296,0.606174,351,41.59,13,18.34,215,28.91,4,19.79,177,19.97,205,12.98,359,38.48,125,28.27,141,16.79,200,8.49,262,7.91,196,25.45,195,31.06,13,15.47,319,13.94,287,14.05,198,19.1714510321617,276
"2025","Niagara",76.71,263,-0.12,198,-1.8,350,-0.45,246,-0.39,247,0.31,157,-0.96,301,1.25218,270,39.3,25,18.76,201,15.18,326,24.79,42,20.71,171,20.48,159,39.37,102,9.4,364,21.68,82,21.6,13,7.86,200,30.3,65,15.41,356,27.76,12,15.61,212,10.83,338,0,357
"2025","Nicholls",76.59,281,-1.39,304,-0.36,224,-0.51,253,-0.64,262,-0.19,219,-0.87,295,1.96603,127,38.49,35,13.69,345,21.94,94,19.21,197,25.6,31,19.5,200,29.27,296,27.43,155,19.88,133,12.36,132,10.98,96,26.76,157,26.51,77,17.88,224,15.75,201,13.02,248,56.7452371120453,34
"2025","NJIT",76.59,282,-1.55,328,-0.71,271,0.49,119,-0.2,205,-1.12,287,-1.13,315,0.652586,348,30.43,202,11.35,361,13.17,357,25.22,35,20.9,161,29.35,12,30.49,275,23.6,224,30.46,11,7.09,299,8.31,182,23.53,250,20.03,285,24.21,44,15.77,199,16.43,94,33.0720007419586,196
"2025","Norfolk St.",77.08,196,1.1,71,0.36,125,-0.92,294,-1.24,310,0.06,191,0.73,80,2.13633,102,34.72,84,15.13,319,21.56,105,14.9,323,24.25,50,24.1,76,30.41,277,33.32,57,20.73,109,8.59,259,6.86,234,21.97,295,26.79,71,22.97,64,13.97,284,14.22,188,44.5663273334503,99
"2025","North Alabama",75.94,343,-0.77,246,-0.75,278,-1.01,299,-2.67,357,-1.12,287,-0.76,279,1.86635,150,18.52,361,17.07,243,18.5,225,19.01,204,19.42,231,25.96,38,38.14,132,18.49,318,32.03,8,4.35,354,6.93,231,30.21,68,17.91,330,28.13,9,11.7,341,12,299,30.5536657571793,205
"2025","North Carolina",76.41,306,-0.17,204,-0.25,215,-1.06,302,-1.48,334,-1,279,-0.21,205,2.25719,79,30.04,212,18.7,203,17.22,281,22.25,96,18.28,268,23.55,87,37.99,138,28.17,143,13.64,261,14.47,84,5.74,295,30.37,64,20.79,263,17.09,253,17.16,140,14.59,169,47.4408060312271,77
"2025","North Carolina A&T",76.05,339,0.55,122,-2.4,361,-1.11,305,-0.25,213,-2.58,338,-0.92,298,0.990743,310,27.19,284,16.87,255,13.95,349,28.66,6,25.73,30,14.79,336,49.2,15,21.79,258,14.83,240,8.89,253,5.29,313,26.3,167,17.71,333,21,115,23.67,7,11.31,322,49.2275357246399,67
"2025","North Carolina Central",76.63,277,-0.88,266,-1.63,345,-0.77,284,0.46,132,-0.05,198,-1.25,318,1.47039,234,33.34,127,20.63,126,18.67,216,14.49,330,26.66,19,19.53,198,37.38,150,18.82,311,17.02,197,13.66,101,13.09,54,28.52,101,20.15,283,18.46,204,15.17,234,17.68,64,44.6462512016296,98
"2025","North Dakota",77.48,133,-0.8,252,0.21,143,0.89,61,0.39,142,0.68,126,-0.29,215,1.05188,304,29.55,232,17.31,237,20.66,140,26.58,21,15.06,346,20.39,162,34.88,201,21.45,266,6.01,359,13.43,107,24.23,1,26.04,176,18.93,302,14.45,339,21.73,26,18.85,39,42.1631574630737,120
"2025","North Dakota St.",76.55,289,0.61,109,-0.73,274,-1.67,342,-1.12,304,-0.39,232,-0.06,186,1.48571,232,28.42,263,22.39,89,21.24,119,26.94,19,16.15,324,13.28,356,26.25,336,28.83,125,22.59,68,12.2,135,10.13,113,28.77,94,22.78,202,22.52,74,12.84,322,13.09,247,41.6989028453827,124
"2025","North Florida",76.56,284,-1.87,346,-0.85,282,0.67,94,0.64,116,-1.81,327,-1.36,332,1.52859,228,32.13,156,25.29,29,21.8,100,20.31,157,12.62,363,19.93,184,36.4,168,22.48,246,18.66,158,13.18,113,9.22,144,23.66,244,21.83,232,29.34,4,12.69,326,12.43,283,46.7217713594437,82
"2025","North Texas",77.21,179,-0.39,212,1.47,37,0.06,172,-0.99,295,-0.12,206,0.54,104,2.86363,19,32.08,157,21.87,97,20.28,151,13.58,345,17.46,293,26.81,28,30.62,271,36.73,27,20.62,114,4.61,347,7.42,212,21.27,312,30.93,14,23.38,56,12.91,321,11.51,315,17.3562988638878,287
"2025","Northeastern",77.61,115,-0.96,276,-0.94,295,-0.02,185,1.68,28,2.28,16,-0.95,300,1.58705,218,25.63,307,12.16,356,26.13,20,21.08,135,20.36,187,20.24,168,45.04,31,15.58,343,6.83,356,24.87,5,7.63,206,22.25,287,24.96,119,16.38,287,26.65,3,9.73,356,42.0783162117004,121
"2025","Northern Arizona",77.49,132,-0.9,271,-0.11,198,0.89,78,1.09,65,0.46,143,-0.51,243,2.21323,86,28.32,266,16.71,265,16.25,312,31.06,2,21.3,140,14.63,338,36.27,170,21.27,270,4.9,362,24.38,6,13.11,53,36.7,4,23.72,169,14.28,342,11.46,347,13.77,210,49.8447418212891,64
"2025","Northern Colorado",76.96,213,-0.37,210,-0.6,257,-1.15,319,-0.32,220,1.21,74,-0.48,241,2.12932,105,26.21,297,20.32,136,24.01,45,23.42,62,18.15,272,14.07,346,42.87,54,24.02,215,18.36,169,9.19,239,5.49,305,16.49,359,25.63,100,23.26,61,19.46,72,15.13,139,48.4710216522217,72
"2025","Northern Illinois",76.56,286,-1.17,294,-1.86,353,-0.16,221,0.19,161,-0.23,222,-1.51,340,1.1487,291,32.19,153,15.65,305,22.85,73,26.14,23,20,202,15.31,331,34.78,204,18.25,320,9.85,332,30.77,2,6.25,276,17.74,356,23.78,163,22.75,68,21.57,28,14.09,195,11.7479830980301,308
"2025","Northern Iowa",78.01,65,0.37,149,0.38,123,0.63,103,0.88,78,1.76,40,0.37,130,1.75996,175,29.9,216,23.8,57,16.42,302,25.93,26,15.8,335,18.01,256,37.45,147,12.65,358,34.35,5,6.56,312,8.93,154,19.96,337,21.36,249,25.32,31,15.91,195,17.41,73,46.9984799623489,79
"2025","Northern Kentucky",77.56,120,-0.69,238,0.15,153,-0.16,219,0.68,95,1.79,38,-0.27,211,1.89976,139,26.43,293,15.97,296,25.97,21,18.31,227,22.1,113,17.61,273,34.35,212,29.93,102,12.72,279,5.91,324,17.03,18,25.57,190,26.34,79,20.91,118,14.59,254,12.54,277,51.7805695533752,53
"2025","Northwestern",78.29,39,2.11,16,-0.16,205,0.89,61,0.84,82,1.73,42,0.97,64,2.23419,82,32.86,138,12.32,354,29.28,2,18.87,210,20.67,174,18.82,225,37.02,153,28.02,144,19.94,131,8.34,268,6.63,252,21.87,300,19.07,301,27.84,11,12.16,332,19.02,36,51.280665397644,56
"2025","Northwestern St.",76.41,308,-0.55,227,-0.37,226,0,181,-1.43,332,-1.64,315,-0.46,233,0.806172,329,37.17,55,14.56,332,22.13,91,13.54,346,24.01,54,25.74,40,35.94,180,26.58,172,22.59,67,7.47,287,7.36,214,26.23,170,27.55,56,23.85,48,12.97,317,9.35,360,7.28335008025169,330
"2025","Notre Dame",77.74,99,0.7,103,1.32,43,-0.27,229,0.68,95,0.25,163,1.01,61,2.04815,119,34.14,99,15.28,313,23.97,47,11.31,362,18.12,275,31.31,5,42.94,51,26.89,167,20.4,119,5.23,342,4.53,339,29.97,76,20.69,269,14.53,336,18.7,86,16.1,108,68.765527009964,6
"2025","Oakland",76.83,239,-2.39,359,-1.07,303,0.51,117,0.78,84,0.3,158,-1.73,355,1.2718,267,31.29,176,15.74,302,26.14,19,19.51,189,21.57,132,16.99,281,19.96,359,37.92,23,27.61,22,6.29,317,8.15,186,19.54,340,27.12,63,19.46,168,13.47,298,20.35,24,25.914591550827,235
"2025","Ohio",76.13,333,-0.92,273,-1.08,304,-1.99,353,-1.26,312,-0.12,206,-1,307,1.83828,157,34.42,94,19.7,157,24.94,33,16.71,281,20.4,185,18.2,245,35.9,181,25.96,182,17.93,176,12.59,124,7.55,208,27.05,149,19.92,287,19.23,175,18.25,104,15.49,133,53.8969993591309,43
"2025","Ohio St.",76.68,269,0,187,-1.09,305,0.2,150,-1.34,325,-0.43,237,-0.54,248,2.15923,96,27.95,271,14.58,329,19.78,172,20.34,156,24.42,47,20.85,150,37.31,152,40.68,9,10.75,319,4.79,346,6.41,266,28.49,103,26.11,84,20.25,143,15.36,221,9.75,355,30.5564999580383,204
"2025","Oklahoma",77.14,190,0.75,98,-0.36,223,-0.66,274,-0.33,239,0.28,161,0.2,146,2.29182,74,34.54,89,16.28,283,22.61,81,19.61,186,23.68,65,17.75,264,56.15,3,18.69,314,8.98,343,9.42,230,6.73,246,23.27,263,25.58,104,19.4,170,18.26,103,13.41,228,24.4921699166298,243
"2025","Oklahoma St.",77.02,211,-0.3,206,0.13,154,0.51,116,0.02,184,-1.3,299,-0.08,194,2.8394,22,42.36,9,25.44,27,21.55,106,23.13,65,12.89,361,16.92,284,36.04,177,27.8,149,10.78,318,11.9,145,13.41,48,23.93,238,23.06,190,18.99,185,17.04,145,16.93,84,17.8874164819717,286
"2025","Old Dominion",78,70,0.5,130,-0.58,251,0.89,61,2.45,8,0.7,122,-0.04,181,1.40657,241,25.84,301,16.1,292,14.68,337,25.75,29,25.17,34,18.28,241,27.96,316,25.66,188,36.14,3,4.12,357,6.07,285,22.71,276,23.26,183,27.45,14,11.84,338,14.7,159,18.781054019928,277
"2025","Oral Roberts",75.84,345,-1.12,289,-1.1,319,-1.72,345,-1.83,344,-1.06,283,-1.11,314,1.69097,201,29.38,239,11.99,358,19.86,170,20.5,153,17.03,302,30.62,7,33.47,224,21.38,268,21.07,106,15.75,58,8.33,180,24.59,220,30.04,20,20.41,139,11.1,355,13.86,206,33.0526262521744,197
"2025","Oregon",77.5,129,1.72,29,1.78,20,-0.11,191,-0.96,293,-0.96,275,1.75,20,2.68424,31,28.87,256,25.24,30,19.31,195,18.2,233,16.57,317,20.67,154,36.74,158,32.64,64,13.6,262,10.52,190,6.48,260,31.49,37,23.77,164,16.97,256,14.98,242,12.76,267,40.5011594295502,134
"2025","Oregon St.",77.76,97,0.38,146,1.28,47,1.6,23,0.34,145,-0.81,260,0.83,76,1.45048,236,25.28,309,23.8,56,23.69,51,17.31,261,19.32,239,15.86,313,29.22,298,23.15,232,22.73,65,11.79,149,13.08,55,20.52,329,24.97,118,16.82,262,16.26,181,21.41,13,21.5925455093384,264
"2025","Pacific",77.68,108,0.64,106,-0.52,243,-0.25,227,0.68,95,1.83,37,0.06,167,1.33886,255,22.03,346,16.6,270,26.53,16,19.91,171,21.44,135,15.49,322,36.5,162,29.5,114,12.57,285,12.87,115,8.5,173,23.66,243,25.07,114,16.59,276,20.29,51,14.35,179,3.49037349224091,343
"2025","Penn",76.78,248,-0.09,197,-0.39,228,-0.41,241,-0.04,190,-1.17,296,-0.24,207,1.51275,230,32.93,136,17.23,239,23.46,59,24.38,50,21.03,151,13.83,350,39.7,96,18.57,315,21.31,97,10.92,180,9.41,136,27.14,148,23.47,178,20.16,149,14.84,246,14.3,182,46.8448996543884,80
"2025","Penn St.",78.07,60,1.01,80,0.91,64,0.55,112,1.66,29,0.21,171,0.96,66,2.48706,55,29.52,234,21.3,107,19,206,21.15,132,19.17,248,19.3,208,41.15,79,18.05,324,20.26,124,13.61,103,6.85,238,26.36,164,22.3,216,23.41,54,15.54,214,12.32,285,57.111668586731,32
"2025","Pepperdine",78.6,20,0.61,109,2.22,8,2.99,2,1.07,67,0.11,184,1.41,33,1.1889,284,24.81,314,16.08,293,18.02,248,27.84,11,18,280,20.04,176,31.28,258,38.15,21,14.04,250,11.06,175,5.4,307,21.56,306,24.65,133,23.36,58,15.65,207,14.74,155,3.69106642901897,341
"2025","Pittsburgh",78.44,26,1.93,21,1.84,19,0.87,81,-0.32,220,1.88,28,1.88,12,2.68384,32,24.08,325,16.72,263,18.15,242,17.57,252,22.71,88,24.84,58,35.28,193,24.23,208,14.02,251,14.21,90,12.26,71,21.12,317,21.22,253,18.09,216,21.53,30,18.03,57,49.9729335308075,63
"2025","Portland",78.77,15,1.9,22,2.24,7,0.6,106,1.38,42,1.71,44,2.07,10,1.91683,133,30.58,194,19.11,187,19.59,181,25.37,33,20.47,182,15.4,324,33.13,229,20.2,287,14.27,247,12.1,140,20.25,7,21,318,28,47,21.1,114,17.15,142,12.69,272,35.76839864254,167
"2025","Portland St.",77.75,98,-0.06,195,-0.32,221,0.43,124,1.37,43,1.33,66,-0.19,203,0.980449,312,27.53,278,20.03,146,24.39,42,19.02,202,18.51,264,18.02,254,42.24,65,26.61,171,19.64,137,4.46,351,6.99,229,31.36,38,24.99,116,14.44,340,12.2,330,16.98,82,23.6940562725067,252
"2025","Prairie View A&M",74.87,363,-1.74,338,-1.72,347,-2.53,360,-2.16,348,-3.52,362,-1.73,353,1.14895,290,33.32,129,13.83,343,22.82,74,25.44,32,14.39,356,23.44,90,31.09,262,29.54,109,15.13,231,14.24,89,9.92,121,30.91,51,22.6,207,19.37,171,13.22,308,13.82,208,6.09959587454796,336
"2025","Presbyterian",77.5,128,-1.09,288,0.23,140,0.92,58,0.54,127,0.88,97,-0.43,228,1.71414,193,30.53,195,18.91,196,22.89,72,16.45,288,17.19,300,24.53,66,48.21,18,23.31,229,16.32,212,6.43,315,5.67,299,27.75,126,22.9,198,22.2,83,14.66,252,12.46,282,43.7696546316147,108
"2025","Princeton",76.51,293,-1.06,285,-0.21,209,-0.59,267,-0.88,283,-0.76,255,-0.63,261,1.62512,209,29.43,238,16.19,287,18.05,247,22.01,100,23.5,68,20.19,171,24.69,340,31.54,78,22.91,62,12.04,142,8.72,163,18.84,348,27.37,59,20.94,116,20.13,57,12.63,275,62.1339976787567,18
"2025","Providence",77.11,191,0.74,99,-0.91,286,-0.49,250,-0.7,270,0.88,97,-0.08,192,1.89714,141,32.48,151,19.28,178,20.51,145,17.16,267,22.53,95,20.49,157,38.23,130,20.22,285,19.87,134,12.19,137,9.44,135,27.2,145,26.17,82,15.9,300,19.68,68,11.01,332,33.9879751205444,183
"2025","Purdue",77.2,182,0.41,140,0.63,101,-0.11,191,0.02,182,-0.97,276,0.52,109,1.73675,186,29.6,230,20.09,144,21.46,108,20.21,162,16.21,323,22.02,123,42.62,58,28.33,137,8.19,347,14.79,72,6.04,286,20.94,320,24.63,134,15.72,310,16.99,149,21.71,10,54.188859462738,41
"2025","Purdue Fort Wayne",75.15,359,-1.18,295,0.22,142,-2.59,362,-2.54,353,-4.18,363,-0.48,239,1.90958,135,29.94,215,15.93,298,17.58,263,22.52,86,27.14,16,16.78,287,61.33,2,14.99,345,10.13,331,10,210,3.44,357,32.64,22,19.6,297,16.97,255,16.3,180,14.41,176,73.8475382328033,3
"2025","Queens",77.9,81,0.95,84,-0.09,195,0.34,134,1.19,58,1.06,84,0.43,120,1.75407,177,33.92,107,17.44,233,25.54,27,20.09,165,13.11,360,23.76,81,28.91,306,23.41,227,17.62,181,23.62,9,6.36,270,31.96,29,24.81,124,21.32,106,14.12,279,7.71,364,44.2132234573364,105
"2025","Quinnipiac",77.47,135,-1,279,0.06,162,1.02,53,1.2,56,0.03,192,-0.47,237,1.78792,168,31.77,166,18.42,214,17.97,250,24.45,48,23.35,71,15.81,314,37.99,137,21.78,259,17.58,183,13.09,114,9.54,133,23.22,265,24.75,128,22.85,66,14.77,249,14.4,177,60.9067797660828,21
"2025","Radford",77.52,127,0.08,180,0.55,111,-0.09,189,0.59,119,0.42,146,0.32,135,1.01361,308,38.15,38,18.84,199,13.77,354,21.38,126,24.54,44,21.47,138,43.03,50,28.8,127,14.78,242,5.4,335,7.99,194,30.96,49,21.4,244,18.92,189,13.74,290,14.98,143,12.0087258517742,306
"2025","Rhode Island",77.32,160,1.09,74,0.13,155,-0.55,261,-0.27,215,0.17,177,0.61,100,2.2817,75,32.56,145,19.13,186,21.11,125,18.77,213,16.88,309,24.09,77,50.13,10,26.92,165,12.79,278,2.92,364,7.19,219,34.17,14,23.64,173,18.47,202,9.49,361,14.21,189,38.4558290243149,148
"2025","Rice",78,71,1.09,72,0.94,63,0.45,121,0.68,95,0.79,114,1.02,60,1.84886,153,37.65,48,20.83,120,19.52,184,17.41,256,20.07,198,22.14,119,40.34,91,32.56,65,12.51,288,7.78,279,6.77,244,28.19,112,22.89,199,17.04,254,16.1,188,15.74,120,18.4828713536263,280
"2025","Richmond",76.66,271,1.15,62,0.95,62,1.02,51,-2.75,358,-3.12,355,1.05,59,2.18477,91,39.05,28,22.44,87,22.71,76,16.09,297,21.04,150,17.64,271,43.86,40,19.48,300,13.3,269,11.02,178,12.25,72,32.02,27,25.09,112,17.86,225,14.06,281,10.89,335,28.0802875757217,225
"2025","Rider",76.85,236,-0.68,235,-1.25,328,-0.43,244,0.24,154,0.36,153,-0.96,302,1.69554,198,29.68,226,22.27,91,21.38,111,22.92,73,22.27,110,11.16,363,41.69,75,19.75,297,20.31,121,11.37,161,6.88,233,27.31,139,18.09,329,20.85,120,19.06,77,14.68,161,33.902370929718,184
"2025","Robert Morris",76.9,224,-0.66,233,-0.27,216,-0.11,191,0.02,183,-0.52,243,-0.47,234,1.44466,237,26.8,289,22.81,79,20.27,154,18.86,211,19.15,250,18.88,221,32.99,233,29.9,105,17.19,195,11.08,173,8.79,156,35.31,11,21.48,241,14.73,330,16.08,189,12.36,284,11.6598300635815,309
"2025","Rutgers",78.7,17,0.61,109,1.91,15,1.14,46,1.85,17,1.99,25,1.26,50,1.56929,222,38.75,31,20.38,133,20.78,136,18.64,218,25.76,28,14.39,342,31.29,257,23.17,231,22.23,74,9.02,247,14.22,39,26.92,152,21.26,252,19.81,157,19.06,78,12.9,255,15.0891244411469,298
"2025","Sacramento St.",76.9,221,0.91,89,-0.52,244,-0.48,248,-0.47,254,-0.95,273,0.19,147,0.795825,330,33.3,131,28.9,5,17.4,268,17.93,240,21.71,127,14,347,39.09,109,19.01,308,11.66,304,19.02,25,11.15,95,30.99,48,20.6,271,17.19,246,17.39,128,13.75,211,30.4440081119537,206
"2025","Sacred Heart",76.78,250,-1.44,323,-1.09,305,-0.07,187,0.19,163,0.26,162,-1.26,320,1.23787,274,32.96,134,19.18,182,23.37,62,18.17,234,23.81,61,15.47,323,25.08,339,29.07,122,17.87,177,16.46,47,11.53,88,23.21,266,27.02,66,16,299,17.28,134,16.49,91,9.53990817070007,323
"2025","Saint Francis",76.3,317,-1.55,326,-1.59,343,-0.42,242,-0.7,271,-0.26,226,-1.57,343,0.644769,349,30.37,205,18.45,212,19.88,168,16.17,294,22.53,94,22.9,104,47.33,20,23.6,223,9.84,333,11.37,160,7.75,203,27.29,142,20.37,279,18.46,203,19.73,65,14.08,197,27.7651011943817,228
"2025","Saint Joseph's",77.4,143,0.14,170,1.05,58,-0.08,188,-1.02,298,0.88,97,0.59,101,2.22428,85,22.54,341,17.92,222,19.26,198,14.92,322,22.5,96,25.36,48,33.74,221,26.92,164,21.09,105,11.09,172,7.09,223,26.83,155,24.58,137,16.6,275,19.17,75,12.77,264,53.6761045455933,45
"2025","Saint Louis",76.89,228,0.28,156,0.07,159,0,179,0.97,69,-2.9,350,0.17,152,2.94959,12,14.14,364,24.25,42,14.84,334,21.35,128,14.81,348,24.75,61,24.42,345,40.11,11,17.23,194,10.55,188,7.68,204,27.49,134,27.97,49,17.38,237,14.87,244,12.29,289,23.4534233808517,255
"2025","Saint Mary's",78.4,30,1.54,38,1.08,56,0.91,60,0.58,122,1.88,28,1.31,44,1.69338,199,19.28,359,20.34,135,21.34,115,15.07,316,22.64,89,20.56,156,42.11,68,26.4,178,22.99,61,3.96,358,4.47,341,24,237,27.96,50,18.98,186,12.58,328,16.43,95,46.7851132154465,81
"2025","Saint Peter's",77.31,165,0.15,169,0.04,167,-0.14,218,0.57,123,-0.1,205,0.1,162,1.17989,287,29.01,251,13.78,344,18.2,240,23.94,53,19.59,223,24.48,68,30.78,268,30.93,86,10.85,316,14.54,80,12.87,62,28.04,118,22.03,228,11.18,362,22.74,14,15.97,113,40.4799997806549,135
"2025","Sam Houston St.",76.82,243,0.78,95,0.07,161,-0.11,191,-1.11,302,-1.57,310,0.42,123,1.34509,252,31.85,163,16.83,256,18.63,218,27.08,18,19.75,217,17.71,267,39.28,105,30.77,88,17.71,179,5.18,343,7.05,226,25.58,189,23.44,180,18.71,193,13.89,288,18.38,52,34.2564433813095,180
"2025","Samford",76.46,301,0.28,157,-1.04,301,-0.71,280,-1.39,328,-0.86,263,-0.38,221,1.91442,134,37.09,56,26.55,17,17.33,274,22.72,80,14.92,347,18.39,236,36.41,166,19.14,306,18.44,166,15.59,61,10.33,111,22.14,292,25.33,110,19.35,172,15.49,215,17.61,66,30.0266325473785,209
"2025","San Diego",77.99,73,1.15,63,2.55,4,0.91,59,0.3,148,-1,280,1.85,14,0.53544,353,41.17,15,19.01,192,18.84,210,19.92,170,19.16,249,23.04,99,41.9,71,29.13,120,15.35,229,6.96,302,6.65,250,25.38,198,33,4,19.69,161,10.62,359,11.29,323,24.4098111987114,245
"2025","San Diego St.",78.13,51,1.68,30,1.91,16,1.21,39,-0.12,196,-0.06,201,1.79,17,1.52898,227,33.85,112,16.43,278,19.58,182,20.74,145,23.6,67,19.62,195,40.55,87,26.23,179,14.85,239,8.93,249,9.4,137,22.32,286,23.04,192,20.51,135,19.43,74,14.68,160,12.1183037757874,304
"2025","San Francisco",77.5,130,1.26,55,0.16,151,0.6,105,0.13,170,-0.7,252,0.71,83,1.77065,171,33.81,114,15.57,306,14.91,330,22.32,92,24.94,36,22.2,118,29.98,284,29.06,123,23.13,60,8.69,255,9.06,149,22.61,280,22.33,215,23.1,63,16.03,191,15.87,117,43.5992389917374,110
"2025","San Jose St.",77.02,210,0.38,145,-1.76,348,-0.11,191,0.1,173,0.46,142,-0.69,271,1.84764,155,33.32,128,16.15,290,17.79,255,24.53,46,22.47,98,19,216,42.19,66,20.22,286,17.44,186,11.12,170,8.94,152,28.62,97,25.59,102,15.47,320,15.31,222,14.93,149,6.70399963855743,332
"2025","Santa Clara",78.42,28,1.66,31,1.17,53,1.89,11,1.82,19,-0.49,240,1.41,34,2.13242,103,35.25,77,22.44,86,15.13,327,22.18,98,19.49,228,20.71,153,25.52,338,39.35,14,15.04,234,16.64,44,3.41,358,27.56,131,28.33,43,15.84,304,15.38,219,12.85,258,69.0243363380432,5
"2025","Seattle",76.71,265,-0.85,262,0.74,90,-1.59,338,-0.5,256,-0.27,227,-0.06,184,2.07938,116,35.01,81,16.93,252,25.85,24,19.18,198,16.23,322,21.78,131,32.26,246,39.21,16,12.62,283,9.14,241,6.71,247,21.23,314,37.11,1,14.47,338,12.11,334,15.05,141,39.5336270332336,142
"2025","Seton Hall",78.27,42,-0.02,189,0.12,156,0.59,107,1.68,21,2.94,5,0.05,170,1.73796,185,40.33,20,14.74,326,18.24,239,16.72,280,25.75,29,24.55,65,33.52,222,26.44,175,10.58,322,16.59,45,12.87,61,23.37,259,17.11,343,16.5,279,20.44,45,22.59,5,20.3628420829773,271
"2025","Siena",77.03,207,1.34,48,0.03,168,0.14,160,-0.53,258,-1.86,330,0.68,86,0.41996,357,26.27,295,14.84,322,20.07,163,22.06,99,19.32,240,23.66,82,38.53,123,15.73,342,25.86,32,11.96,144,7.85,201,23.06,267,20.45,277,25.3,32,18.38,99,12.74,268,6.24912492930889,335
"2025","SIUE",77.21,178,0.51,128,0.77,86,-1.11,305,-0.01,188,-0.12,206,0.64,93,1.53234,226,25.27,310,19.42,172,19.27,197,13.62,344,17.76,285,29.92,8,34.71,205,30.19,99,10.91,314,14.38,85,9.81,124,24.18,232,24.39,142,14.58,333,16.99,148,19.86,28,36.2411677837372,159
"2025","SMU",78.16,49,3.19,5,1.21,50,0,183,0.33,146,0.02,193,2.2,6,2.78068,27,33.76,116,19.67,159,17.14,285,21.43,123,21.33,139,20.44,160,34.68,206,30.49,93,16.39,209,10.38,197,8.06,190,23.48,255,22.43,211,22.26,79,15.63,211,16.21,103,28.8121998310089,215
"2025","South Alabama",76.01,341,-2.35,358,-1.12,322,-0.11,191,-1.29,313,-1.12,287,-1.74,356,0.687363,344,34.43,93,22.92,73,25.4,30,11.17,363,16.98,306,23.51,88,24.53,342,25.04,199,26.8,27,14.31,88,9.3,140,23.47,256,27.1,64,24.87,38,13.3,305,11.24,324,15.115137398243,297
"2025","South Carolina",77.56,121,0.63,108,0.62,103,1.49,29,0.09,174,-1.07,286,0.62,97,1.89206,144,31.97,161,19.17,183,27.67,8,16.15,295,15.08,345,21.92,127,37.56,144,28.56,133,15.98,218,9.13,242,8.77,158,27.61,128,28.89,32,21.31,107,9.35,362,12.84,259,43.9853399991989,107
"2025","South Carolina St.",77.45,137,0.49,132,-0.62,260,0.89,61,0.21,158,0.24,168,-0.07,188,1.32901,257,43.71,5,22.38,90,13.47,356,24.91,41,21.98,119,17.18,279,30.38,278,16.46,338,29.89,12,12.47,127,10.68,102,25.77,182,16.01,352,22.24,80,19.79,64,16.11,107,65.3978526592255,13
"2025","South Dakota",77.36,149,0.55,121,-1.67,346,-1.11,305,0.68,95,2.31,14,-0.56,250,1.83949,156,38.09,40,16.77,260,18.38,232,19.58,187,20.29,191,24.92,56,36.8,157,13.51,354,17.49,185,17.11,39,15.01,31,24.08,235,18.4,322,21.14,113,23.32,10,13,250,49.0243554115295,68
"2025","South Dakota St.",77.17,188,1.52,40,-0.18,207,-1.19,320,-0.39,246,0.06,190,0.67,90,0.770249,334,31.21,177,27.91,11,16.9,294,17.49,254,20.83,164,16.81,286,53.15,6,22.02,256,10.39,326,4.45,352,9.91,122,35.44,10,17.74,332,16.59,277,13.04,314,17.11,78,20.008397102356,273
"2025","South Florida",76.57,283,0.43,137,-1.11,320,-0.11,191,-0.39,249,-2.02,333,-0.34,216,2.06497,117,35.31,75,23.13,69,17.64,260,20.88,141,16.36,320,21.98,126,34.44,211,31.63,75,19.05,152,8.05,274,6.79,241,35.46,9,22.38,213,14.87,328,12.75,325,14.5,171,36.7271274328232,156
"2025","Southeast Missouri",75.53,351,-0.13,199,-1.33,336,-1.8,347,-2.36,349,-2.74,343,-0.73,276,0.912342,319,31.52,172,15.97,295,20.58,143,19.39,191,19.94,208,24.1,75,42.3,61,26.01,181,13.98,252,11.35,162,6.32,271,28.59,98,22.37,214,21.38,104,16.9,154,10.73,343,45.4882264137268,95
"2025","Southeastern Louisiana",76.77,251,0.92,87,-1.09,305,-0.14,217,-0.78,279,-1.07,285,-0.08,191,2.14417,99,28.26,267,16.07,294,23.1,66,19.64,184,19.72,219,21.46,139,32.65,238,27.14,162,21.67,84,9.32,235,9.2,145,20.13,335,21.61,236,20.24,144,19.58,70,18.42,50,21.6186493635178,263
"2025","Southern",76.05,338,-0.69,236,-1.89,356,-1.11,305,-0.82,280,-1.27,298,-1.29,326,0.688858,343,46.49,1,19.02,191,21.54,107,19.89,173,23.03,80,16.5,292,32.92,234,36.18,31,13.26,271,5.76,328,11.85,78,31.01,47,24.66,132,18.84,190,11.55,344,13.92,204,21.0914984345436,266
"2025","Southern Illinois",77.8,93,-0.64,231,-0.51,241,0.42,127,1.68,21,2.02,23,-0.57,254,1.44126,238,28.05,270,18.81,200,20.79,135,20.94,139,25.92,25,13.5,353,38.31,129,21.52,264,12.61,284,15.48,64,12.01,75,29.69,78,22.93,197,16.16,294,16.52,169,14.64,164,15.4273122549057,296
"2025","Southern Indiana",76.47,295,-0.93,274,-0.59,255,-0.11,191,-0.36,241,-1.68,322,-0.76,278,1.08091,300,29.83,222,24.11,46,14.03,348,27.6,14,22.32,104,11.89,362,32.61,241,17.38,333,21.19,101,17.12,38,11.64,84,31.98,28,22.17,222,15.61,316,17.72,117,12.49,280,30.6774735450745,203
"2025","Southern Miss",76.11,335,-2.39,359,-0.55,247,-0.55,260,-0.58,260,-1.39,302,-1.47,337,1.88832,145,29.53,233,21.4,106,21.81,99,15.01,320,22.34,103,19.42,206,30.88,266,26.92,166,22.61,66,10.32,199,9.24,142,26.68,158,28.25,44,17.18,247,14.48,258,13.39,234,20.7243099808693,269
"2025","Southern Utah",77.11,193,-0.05,194,0.42,118,-0.11,191,0.17,166,-0.93,271,0.18,150,1.08561,299,41.48,14,16.33,281,17.03,291,30.7,3,22.57,91,13.28,354,35.24,195,27.83,147,12.9,277,16.12,51,7.83,202,26.88,154,27.18,62,16.71,266,17.39,129,11.75,306,28.8928478956223,214
"2025","St. Bonaventure",78.29,40,1.26,56,0.35,126,1.19,40,0.9,77,1.71,43,0.8,77,1.30685,260,17.43,362,21.61,104,16.4,304,20.77,143,22.87,84,18.34,239,31.72,251,20.12,291,24.72,38,15.94,54,7.47,210,19.82,338,21.02,259,23.95,46,22.01,21,13.17,243,7.02796801924706,331
"2025","St. John's",78.2,46,0.45,135,0.17,149,1.6,22,2.08,11,0.66,127,0.31,137,2.34857,68,25.71,305,20.48,129,18.12,243,25.57,31,18.86,256,16.92,283,38.07,134,22.94,237,20.22,126,10.29,200,8.41,176,20.87,321,16.08,350,24.87,37,20.47,44,17.65,65,19.462551176548,275
"2025","St. Thomas",76.39,310,-0.97,277,-1.09,305,-0.86,290,-1.32,317,0.14,180,-1.03,308,1.32953,256,31.1,181,17.83,225,19.43,190,20.24,158,23.66,66,18.82,226,33.09,231,13.74,353,18.79,155,14.54,81,19.82,8,20.55,328,27.69,53,19.41,169,17.04,146,15.3,137,47.8366106748581,76
"2025","Stanford",78.64,19,3.27,4,1.58,34,0.95,56,0.96,70,0.39,150,2.43,4,1.39379,247,25.48,308,29.37,3,13.91,350,15.64,307,22.01,117,19.04,215,36.95,154,24.06,213,18.49,163,9.55,227,10.92,98,39.51,1,15.17,358,21.68,96,11.54,345,12.07,297,24.0875333547592,247
"2025","Stephen F. Austin",77.83,87,-0.03,191,-0.09,183,0.68,93,1.62,32,0.94,92,-0.06,187,1.69202,200,32.69,141,19.55,163,14.89,331,25.02,39,18.06,278,22.44,114,30.01,282,24.02,214,12.22,294,19.33,22,14.38,38,25.91,179,17.03,344,15.65,313,22.32,17,19.05,35,46.0341900587082,92
"2025","Stetson",77.81,89,1.28,52,0.58,106,0.89,61,1.17,59,-0.88,264,0.93,68,0.84583,326,34.63,88,19.67,158,16.37,307,23.02,70,17,303,23.9,79,30.3,279,14.04,350,24.24,47,18.44,26,12.92,59,26.19,172,17.4,338,25.26,33,18.14,108,12.97,252,18.1883737444878,282
"2025","Stonehill",77.1,194,-1.39,304,0.05,164,-0.76,283,0.68,95,0.89,96,-0.67,265,1.15537,289,29.85,219,23.19,68,24.71,38,15.03,319,16.68,315,20.37,164,21.08,357,34.34,45,23.73,54,12.23,134,8.61,170,22.19,288,25.56,105,23.58,52,14.17,278,14.47,173,33.1839740276337,195
"2025","Stony Brook",77.36,148,-0.33,208,-1.04,300,0.19,152,0.07,175,1.88,28,-0.69,270,1.93165,130,27.53,277,17.92,223,18.57,222,14.79,324,31,1,17.73,266,38.62,119,13.81,352,27.57,23,14.5,83,5.5,304,14.57,361,23.43,182,31.08,2,17.6,121,13.3,236,23.8965138792992,249
"2025","Syracuse",77.68,107,1.11,69,0.26,137,0.86,82,0.7,92,-0.54,246,0.68,87,2.47566,58,34.11,101,22.88,76,19.2,199,17.98,239,24.88,38,14.99,334,44.91,32,21.81,257,16.91,198,9.2,238,7.08,224,36.96,3,18.18,325,19.48,167,14.22,274,11.07,328,30.3110480308533,207
"2025","Tarleton St.",76.18,327,-1.89,348,-0.65,262,-1.49,333,-1.31,316,0.23,169,-1.27,322,0.480149,355,33.64,118,25.46,26,25.64,26,14.3,333,14.74,351,19.81,188,21.19,356,33.26,58,17.83,178,20.17,20,7.51,209,21.89,298,25.13,111,18.12,215,18.68,88,16.13,106,5.57545684278011,337
"2025","TCU",77.85,86,0.72,101,0.41,120,0.88,79,0.27,150,0.93,93,0.56,102,1.92175,132,34.98,82,14.29,334,18.31,237,21.93,103,22.48,97,22.97,101,41.92,70,19.88,296,14.96,237,11.07,174,12.12,73,27.56,130,21.8,233,15.75,308,14.31,267,20.54,22,7.34534561634064,329
"2025","Temple",77.71,102,0.22,160,0.37,124,0.1,167,0.68,95,1.15,79,0.29,139,2.31313,71,33.43,124,20.69,123,19.71,176,17.19,265,16.97,307,25.4,45,19.75,360,33.58,51,17.55,184,22.17,11,6.92,232,25.26,203,23.88,160,16.86,261,21,35,12.97,251,35.5798870325089,168
"2025","Tennessee",77.15,189,1.27,53,1.23,49,-0.39,238,0.68,95,-3.04,354,1.25,51,2.9304,14,25.27,311,16.91,253,19.44,189,27.81,12,15.85,332,19.96,182,34.81,203,33.36,55,7.79,350,15.83,55,8.18,185,28.17,114,23.89,159,17.32,240,16.93,153,13.65,215,36.2115919589996,161
"2025","Tennessee Martin",76.89,226,-1.56,329,-0.09,183,1.02,54,-0.78,278,-0.15,218,-0.82,287,0.294619,360,39.86,21,14.81,324,17.16,283,21.99,101,23.97,56,22.05,121,37.69,142,20.15,290,23.84,52,8.38,264,9.93,120,23.49,254,20.55,273,28.19,8,14.35,264,13.39,233,0,357
"2025","Tennessee St.",77.69,105,0.4,142,-0.59,253,0.43,123,1.49,36,0.68,125,-0.09,196,0.957561,314,34.22,96,21.86,98,20.64,141,21.92,104,20.17,194,15.39,327,41.21,77,18.24,321,17.62,180,16.92,40,5.97,287,31.17,41,24.76,126,18.67,194,15.4,218,9.98,350,2.52789296209812,347
"2025","Tennessee Tech",75.67,348,-1.61,332,-1.18,326,-1.3,326,-2.46,350,-1.12,287,-1.39,336,0.91691,318,32.6,143,19.45,170,19.9,167,22.99,71,15.32,340,22.28,116,42.92,52,23.82,220,18.54,162,3.35,361,11.31,90,22.75,274,25.33,109,25.12,35,11.15,354,15.61,127,36.2109005451202,162
"2025","Texas",78.03,64,0.87,92,0.18,147,1.06,48,0.78,85,1.23,73,0.52,107,2.85357,21,32.04,159,16.68,268,18.67,215,28.21,9,17.63,289,18.8,227,42.53,60,31.33,82,7.48,352,13.62,102,5,324,23.6,246,25.92,87,17.31,241,21.95,23,11.2,326,17.156195640564,288
"2025","Texas A&M",77.45,136,-0.89,268,-0.04,177,1.05,49,0.91,74,0.17,175,-0.47,235,2.97519,11,39.03,30,22.41,88,12.47,360,13.89,340,23.79,62,27.38,26,38.89,112,31.3,83,17.97,175,6.91,304,4.86,328,21.23,313,24,152,18.44,205,17.11,143,19.15,34,68.7219738960266,7
"2025","Texas A&M Corpus Chris",77.26,174,-0.77,249,0.91,64,0.14,162,-0.45,252,0.43,144,0.07,166,1.36925,250,45,2,16.97,249,24.93,35,20.96,138,17.18,301,19.96,181,35.71,187,25.92,184,11.9,298,9.65,224,16.81,20,23.54,249,28.62,36,21.33,105,12.96,318,13.55,224,53.5972833633423,46
"2025","Texas Southern",76.32,315,0.12,173,-0.21,211,-0.38,237,-1.29,314,-2.66,339,-0.05,182,1.74219,183,42.7,8,19.07,190,18.36,233,17,270,21.43,136,24.14,73,29.12,301,35.21,40,21.23,100,7.58,285,6.85,237,25.36,199,21.93,231,22.4,75,15.69,204,14.63,165,42.2882288694382,119
"2025","Texas St.",76.47,296,-1.53,325,-1.07,302,0.21,149,-0.96,292,-0.32,229,-1.3,329,1.89658,142,38.09,39,12.04,357,28.64,6,20.74,144,17.8,284,20.75,151,27.54,321,32.55,66,29.81,14,5.24,341,4.83,330,20.45,331,28.68,34,25.35,29,15.75,200,9.72,357,42.585101723671,117
"2025","Texas Tech",76.56,285,0.56,119,-1.11,321,-0.55,259,-0.78,277,-1.35,301,-0.28,212,2.6491,39,29.75,224,23.93,51,22.55,85,18.32,226,19.78,214,15.39,326,50.12,11,20.88,278,13.46,266,9.9,214,5.58,302,30.53,58,19.63,293,18.09,217,15.66,206,16.06,111,38.7499004602432,145
"2025","The Citadel",76.75,257,-2.17,356,-1.09,305,0.62,104,0.59,120,-0.24,224,-1.63,348,0.28528,361,32.53,147,16.35,280,21.23,120,28.55,7,15.81,334,18.01,255,44.58,37,27.82,148,11.43,307,11.84,147,4.22,346,13.78,364,23.53,175,24.21,43,23.44,9,14.98,144,10.2276362478733,318
"2025","Toledo",77.39,147,-0.7,239,-0.09,183,1.16,43,0.41,137,0.16,178,-0.4,224,1.86979,149,25.74,304,14.28,335,20.2,160,24.21,51,19.29,242,22.02,122,29.09,302,25.88,185,10.79,317,12.49,126,21.76,5,20.16,334,20.49,276,21.59,99,20.4,48,17.35,75,47.3832666873932,78
"2025","Towson",77.33,155,-0.39,212,-0.02,175,0.58,109,0.87,79,-0.39,231,-0.21,204,2.17294,92,35.47,73,22.95,71,14.57,342,17.05,269,22.47,99,22.95,102,22.28,355,32.12,68,29.06,16,11.49,156,5,323,19.22,344,23.8,162,21.43,103,24.62,5,10.92,334,74.658328294754,2
"2025","Troy",77.8,92,-0.84,261,0.67,97,1.27,36,0.43,134,1.46,57,-0.08,193,1.08627,298,35.24,78,20.34,134,19.41,192,17.21,264,20.83,165,22.21,117,27.03,328,30.97,85,12.46,289,13.98,96,15.55,25,22.8,273,26,86,18.6,198,17.67,119,14.94,148,65.9854590892792,10
"2025","Tulane",78.12,53,-0.85,263,0.91,64,1.57,24,0.94,73,2.03,22,0.03,172,0.878284,322,21.07,351,18.12,218,17.32,275,19.85,175,23.23,74,21.49,137,37.4,149,17.09,335,23.31,59,12.41,130,9.78,125,21.53,309,21.38,245,25.97,22,18.43,98,12.7,269,9.3278132379055,326
"2025","Tulsa",76.68,268,-0.77,245,-0.23,213,-0.7,278,-0.69,267,-0.24,223,-0.5,242,2.67443,34,33.89,110,19.47,169,17.35,271,14.56,329,24.93,37,23.63,85,40.49,88,22.26,248,14.15,248,10.12,205,12.9,60,29.39,85,22.18,221,16.49,280,17.16,141,14.73,156,34.4612866640091,176
"2025","UAB",76.74,258,-0.39,212,1.09,55,-1.11,305,-0.91,288,-1,278,0.35,132,1.74014,184,28.99,252,23.51,63,21.17,122,20.4,155,15.13,343,19.75,191,35.08,196,36.47,29,11.79,299,11.21,169,5.42,306,33.44,16,27.55,57,12.21,358,14.29,269,12.48,281,58.3351671695709,27
"2025","UC Davis",76.37,312,-0.8,255,-0.74,276,-1.92,351,-0.32,220,-0.41,233,-0.77,281,1.59707,217,25.77,303,15.57,307,17.55,264,14.31,332,29.98,3,22.54,113,32.82,235,30.35,98,14.85,238,13.2,112,8.71,164,32.47,23,23.94,155,15.83,305,18.09,110,9.59,358,48.9611685276031,69
"2025","UC Irvine",77.07,198,2.61,11,-0.92,289,-1.11,305,-0.98,294,-0.28,228,0.84,74,1.74329,180,30.1,211,27.09,15,20.24,156,12.32,360,21.87,120,18.47,234,43.89,39,25.3,197,15.55,226,9.86,219,5.36,310,35.55,7,25.86,91,15.15,324,11.37,349,12.04,298,42.5679594278336,118
"2025","UC Riverside",77.04,205,0.46,134,1.67,29,-0.7,277,-1.31,315,-0.94,272,1.07,58,1.24203,273,31.97,160,13.4,347,18.33,234,13.45,349,22.01,116,32.81,1,40.97,82,22.71,241,20.89,107,11.33,163,4.07,349,34.19,13,19.63,294,21.63,97,13.5,296,11.02,331,57.9593896865845,29
"2025","UC San Diego",77.58,117,-1.48,324,-1.09,305,0.41,129,1.5,34,2.55,10,-1.28,325,1.11787,295,23.08,335,16.81,259,16.42,301,25.17,36,24.86,39,16.71,290,32.64,239,23.01,236,24.62,39,6.07,322,13.6,45,24.69,218,18.44,319,24.45,40,19.71,66,12.65,274,43.0648744106293,115
"2025","UC Santa Barbara",77.83,88,1.12,65,0.8,83,0.2,151,0.11,172,0.88,97,0.96,65,2.56746,48,30.26,208,21.22,110,16.85,295,17.17,266,19.93,209,24.83,59,44.89,33,28.75,128,15.92,219,3.29,362,7.15,221,24.77,216,18.17,326,26.36,18,12.17,331,18.52,46,36.2044751644135,163
"2025","UCF",78.07,61,3.15,6,0.48,116,0.82,85,-0.32,220,0.18,174,1.82,16,2.209,87,29.06,249,17.07,244,23.99,46,15.05,318,19.32,238,24.53,67,32.5,242,22.14,252,24.47,44,12.2,136,8.65,165,21.87,301,24.61,135,21.73,94,18.08,111,13.66,214,22.1267998218536,260
"2025","UCLA",78.1,57,1.47,44,0.88,76,0.96,55,-0.11,194,1.29,70,1.18,54,2.23244,83,35.53,71,24.38,41,23.75,50,15.07,317,21.22,144,15.53,321,35.97,179,20.83,279,24.1,49,10.49,192,8.53,172,25.59,188,20.87,262,24.24,42,17.26,135,11.98,301,34.4282329082489,177
"2025","UMass Lowell",76.73,261,-1.81,342,-0.71,272,0.06,173,-0.32,220,0.4,149,-1.26,321,2.51692,51,22.31,342,22.01,95,22.39,87,20.23,159,15.85,333,19.48,203,28.16,314,25.86,186,16.46,207,17.55,32,11.93,77,28.11,116,23.77,165,18.83,191,13.64,294,15.61,126,55.7458400726318,37
"2025","UMBC",76.86,235,-1.69,336,-1.09,305,-0.56,262,0.04,177,1.55,54,-1.39,335,1.72094,191,28.71,259,15.49,311,19.14,201,21.44,121,19.3,241,24.6,63,23.26,350,36.56,28,24.45,46,9.83,220,5.85,291,28.27,108,17.46,336,17.15,250,16.33,178,20.75,18,51.1705636978149,57
"2025","UNC Asheville",77.25,175,-0.55,226,0.82,82,0.79,87,0.94,72,-1.79,326,0.13,157,2.19743,88,20.92,352,22.91,74,9.12,364,21.43,122,17.3,296,29.24,13,31.12,261,31.9,70,19.33,146,4.57,349,13.08,56,24.35,228,24.45,141,20.92,117,11.89,337,18.4,51,39.798367023468,141
"2025","UNC Greensboro",76.17,330,-1.39,304,0.06,163,-0.44,245,-0.7,269,-2.73,342,-0.67,264,2.10257,110,34.2,97,18.91,197,12.05,361,22.23,97,18.78,261,28.01,22,36.06,176,30.42,96,17.43,187,8.94,248,7.08,225,24.43,223,32.76,5,13.31,349,15.11,239,14.34,180,47.9972779750824,74
"2025","UNC Wilmington",77.99,72,1.12,66,-0.09,183,1.32,35,1.33,47,0.24,165,0.51,110,2.64427,42,37.66,47,27.48,13,16.34,308,16.86,276,17.28,298,22.01,124,39.18,108,24.15,209,19.71,135,11.32,165,5.58,303,24.25,230,18.89,303,26.92,17,18.16,107,11.74,307,35.398742556572,169
"2025","UNLV",77.86,84,1.75,27,-0.48,235,0.89,61,0.69,93,0.41,148,0.63,94,2.11575,108,29.18,246,19.73,153,21.36,114,16.98,271,20.54,179,21.37,140,36.09,175,11.73,360,20.24,125,20.61,17,11.28,92,29.29,87,18.77,309,18.96,188,22.91,13,10.03,348,24.1050884127617,246
"2025","USC",78.41,29,-0.76,244,-0.02,174,1.82,16,2.68,2,2.32,13,-0.39,223,2.51383,52,25.79,302,21.83,100,19.03,205,13.86,341,22.14,112,23.12,98,36.4,167,21.09,274,16.4,208,10.94,179,15.13,30,24.42,225,20.1,284,25.67,25,18.37,100,11.43,318,0.332505418919027,351
"2025","USC Upstate",76.46,299,-1.39,304,-1.09,305,-1.1,304,-0.21,208,0.08,187,-1.24,317,0.0127775,363,36.67,63,16.74,262,25.91,22,23.34,64,14.75,349,19.24,209,38.88,113,36.08,32,9.71,335,8.61,257,6.71,248,27.54,132,24.5,139,20.56,133,16.53,168,10.85,337,0.0540313369128853,354
"2025","UT Arlington",76.77,252,0.34,150,0.56,107,-0.58,266,-1.01,297,-1.5,307,0.45,118,1.73317,187,31.52,171,22.25,92,22.66,77,17.11,268,19.81,211,18.15,248,38.8,114,27.87,146,12.13,295,12.55,125,8.62,168,32.99,19,23.02,194,15.48,318,16.8,160,11.67,310,11.1636474728584,313
"2025","UT Rio Grande Valley",76.06,337,-1.39,319,-1.86,355,-1.34,329,-1.12,305,0.01,194,-1.63,347,1.74847,179,29.45,235,19.14,184,22.57,83,22.68,81,19.79,213,15.78,315,34.55,207,25.41,192,11.15,311,12.03,143,16.8,21,26.28,169,28.34,41,16.36,288,11.38,348,17.59,68,6.45012781023979,333
"2025","Utah",79.53,3,2.13,15,2.22,9,3.05,1,2.23,10,1.99,26,2.18,8,2.03657,121,40.79,19,16.47,277,18.92,208,23.07,66,26.51,20,15.03,333,31.18,260,28.19,142,25.98,30,4.57,348,10.07,117,18.27,354,28.48,38,20.06,150,15.29,224,17.89,61,33.3333343267441,193
"2025","Utah St.",77.29,169,1.11,68,-0.48,237,-1.29,325,-0.32,220,1.41,59,0.31,136,2.16132,95,35.69,70,18.5,211,18.38,231,14.68,326,26.39,21,21.99,125,30.77,269,30.07,101,10.18,329,13.61,104,15.33,28,20.48,330,23.66,171,12.59,355,20.24,53,22.99,2,34.5011800527573,174
"2025","Utah Tech",75.51,352,-1.78,340,-1.32,335,-0.35,234,-1.99,346,-3.02,353,-1.55,342,1.65445,204,26.34,294,19.2,181,23,69,18.06,235,22.31,107,17.39,276,35.84,183,32.15,67,14.12,249,8.6,258,9.25,141,28.26,110,32.72,6,16.28,289,14.29,268,8.41,363,36.2124174833298,160
"2025","Utah Valley",78.06,62,0.2,164,0.85,79,0.43,126,1.43,40,1.38,62,0.53,106,0.777189,333,36.24,64,23.83,53,17.35,272,22.85,76,22.94,83,13,358,24.51,343,27.16,161,24.47,45,10.27,201,13.57,46,24.42,224,18.27,324,17.16,248,21.31,34,18.81,41,34.026026725769,182
"2025","UTEP",76.87,234,-0.39,211,-1.26,329,-0.34,232,0.22,157,0.07,189,-0.82,288,1.50968,231,30.99,185,20.67,125,21.78,101,17.32,260,21.28,143,18.93,217,43.1,49,30.49,92,13.54,264,6.25,318,6.57,254,30.25,66,20.64,270,17.75,227,18.22,105,13.13,245,56.0800015926361,35
"2025","UTSA",76.52,291,0.06,183,-1.09,305,-0.22,225,-0.32,220,-1.86,329,-0.52,244,2.43072,61,21.43,347,13.18,350,20.36,147,15.98,299,27.24,14,23.2,96,39.27,106,13.08,356,29.87,13,5.97,323,11.74,80,35.46,8,25.67,99,18.64,197,8.03,364,12.13,294,1.00174304097891,349
"2025","Valparaiso",77.02,209,0.27,158,0.09,158,-1.51,336,-0.32,220,0.57,137,0.18,151,1.40032,243,28.11,269,24.44,40,14.57,341,21.52,118,23.11,78,16.32,301,28.2,313,37.42,26,16.38,210,11.28,166,6.68,249,30.01,75,26.2,81,16.97,257,12.01,335,14.78,153,36.1944258213043,164
"2025","Vanderbilt",76.46,300,-1.87,345,-0.49,238,-0.85,288,0.15,168,-0.65,250,-1.18,316,2.37528,66,37.99,43,20.47,130,20.27,153,14.74,325,21.29,141,23.2,95,29.6,288,41.02,7,16.86,199,6.19,321,6.27,274,22.93,270,29.45,26,17.25,244,15.85,197,14.47,172,2.39897482097149,348
"2025","VCU",78.09,58,0.61,109,2.15,11,0.03,177,1.09,63,0.56,138,1.38,40,2.65821,37,33.35,126,12.57,353,16.19,313,23.94,54,21.28,142,26,37,29.52,290,20.19,288,16.52,205,20.48,18,13.25,51,15.15,360,29.67,22,20.58,132,20.56,42,14.01,201,51.7943680286407,52
"2025","Vermont",77.86,83,-0.95,275,0.69,95,-0.11,191,1.47,38,2.15,19,-0.13,198,2.40861,63,29.2,243,17.06,246,20.97,130,13.26,352,28.6,9,20.06,175,28.33,310,20.88,277,25.98,31,7.02,301,17.72,13,18.96,346,21.34,250,27.32,15,11.62,342,20.7,19,62.2511625289917,17
"2025","Villanova",77.35,153,0.5,131,0.05,166,-0.11,191,1.25,53,-0.96,274,0.27,140,2.88598,16,20.04,357,17.05,247,28.14,7,22.64,84,15.98,329,16.17,304,36.42,164,27.71,150,12.68,281,15.61,59,7.55,207,27.18,146,21.36,248,26.08,20,13.22,307,12.13,295,24.7758746147156,241
"2025","Virginia",78.35,34,1.16,61,1.61,31,0.75,90,1.2,57,1.01,85,1.38,39,1.51591,229,32.51,149,18.45,213,20.62,142,18.29,231,19.77,216,22.87,106,54.17,5,29.91,103,6.78,357,4.86,345,4.23,345,30.94,50,26.76,73,17.12,251,14.22,273,10.93,333,41.6521310806274,126
"2025","Virginia Tech",77.33,157,0.16,167,0.26,135,0.06,174,1.13,60,-0.98,277,0.21,143,1.04406,305,39.68,23,24.72,37,22.61,80,15.66,306,19.29,243,17.69,269,39.3,104,31.59,77,21.09,104,3.42,360,4.55,336,25.56,191,26.99,67,22.26,78,15.11,240,10.04,347,14.773228764534,299
"2025","VMI",76.87,233,-1.39,304,-0.75,277,-0.78,285,0.27,151,0.98,89,-1.07,312,0.738934,337,24.52,317,22.49,84,21.46,109,13.05,353,16.3,321,26.67,30,39.6,98,19.43,302,17.28,192,5.84,326,17.8,12,22.16,290,20.73,266,24.45,41,14.2,276,18.43,49,10.5206251144409,316
"2025","Wagner",76.64,274,-0.82,259,-0.54,246,-0.89,292,-0.46,253,-0.12,206,-0.68,267,1.89916,140,36.93,59,14.82,323,16.34,309,25.68,30,27.74,10,15.34,329,33.76,220,27.2,160,20.01,130,10.17,203,8.75,159,23.65,245,22.41,212,19.17,178,18.76,85,15.92,114,45.0145065784454,97
"2025","Wake Forest",77.78,96,1.33,49,-0.09,183,0.06,171,0.91,75,0.66,128,0.62,98,2.13865,101,21.2,350,17.11,241,17.01,292,25.77,28,21,157,19.04,214,33.37,226,39.94,12,11.77,300,6.61,310,8.22,184,25.08,209,24.2,147,20.41,138,16.11,187,14.11,193,51.5385091304779,55
"2025","Washington",77.92,80,0.13,171,0.91,64,0.78,88,0.68,95,1.08,81,0.52,108,2.49513,54,34.11,100,17.78,228,23.81,49,23.05,68,15.32,339,20.01,177,27.09,325,28.38,136,21.37,96,16.69,43,6.4,267,22.73,275,27.62,54,18.99,184,17.5,126,13.1,246,10.518616437912,317
"2025","Washington St.",78.37,32,1.26,54,1.73,24,0.89,61,1.26,52,0.69,123,1.5,29,1.68459,202,30.59,193,22.85,77,21.67,102,13,355,20.63,175,21.79,130,19.69,362,24.14,210,22.14,75,20.09,21,13.89,42,22.01,294,21.62,235,19.74,158,23.28,12,13.29,238,4.45729829370975,338
"2025","Weber St.",78.14,50,1.32,50,0.02,169,0.85,83,0.59,118,1.88,28,0.67,89,1.70046,196,36.68,62,16.71,266,15.61,320,17.91,241,18.38,266,31.35,4,44.69,35,24.96,200,8.4,346,4.31,355,17.57,15,21.33,311,25.61,101,16.63,272,14.12,280,22.27,7,40.1457965373993,138
"2025","West Georgia",76.38,311,-1.67,335,-1.09,305,0.35,133,-0.2,204,-1.52,309,-1.38,334,0,364,35.34,74,20.07,145,22.78,75,27.8,13,15.55,337,13.78,351,34.13,216,24.72,202,24.18,48,12.37,131,4.55,337,22.68,277,22.79,201,25.16,34,16.22,184,13.14,244,NA,NA
"2025","West Virginia",77.28,170,-0.15,202,0.56,108,0.26,141,0.04,179,-0.34,230,0.2,144,2.14295,100,27.36,280,21.67,103,18.61,220,15.36,312,24.38,48,19.97,180,43.22,46,29.43,116,11.34,309,9.06,245,6.94,230,31.61,34,15.28,357,18.22,213,20.66,40,14.23,185,0.0160439609317109,356
"2025","Western Carolina",77.33,156,0.32,151,0.91,64,-0.12,214,0.29,149,-0.76,256,0.62,99,0.563928,352,32.91,137,16.14,291,28.73,5,16.94,273,19.8,212,18.37,237,44.59,36,30.12,100,13.88,255,5.68,329,5.71,296,23.26,264,27.26,61,22.21,81,16.49,172,10.77,342,9.77351814508438,320
"2025","Western Illinois",77.18,184,-1.02,281,-0.13,201,0.59,108,0.23,155,0.22,170,-0.58,255,1.28333,264,23.82,329,12.29,355,17.24,278,28.9,5,19,253,22.56,112,45.43,29,19.42,303,14.96,236,13.97,97,6.18,280,25.16,208,18.58,315,20.6,130,21.34,33,14.3,181,21.9363749027252,261
"2025","Western Kentucky",76.2,325,0.31,152,-0.52,245,-1.81,348,-1.32,317,-1.68,321,-0.11,197,1.7603,174,36.85,60,14.56,331,20.28,152,25.07,38,24.98,35,15.06,332,39.85,95,18.99,309,16.67,202,12.72,121,11.68,83,26.03,177,27.73,52,19.13,181,16.24,182,10.79,340,55.5533289909363,38
"2025","Western Michigan",77.81,90,0.15,168,1.28,46,0.05,175,0.58,121,0.97,91,0.72,82,1.23072,276,35.03,80,17.41,235,21.37,112,18,238,20.23,192,22.93,103,31.78,250,24.61,205,20.6,118,17.92,30,5.03,319,28.34,106,19.76,292,21.77,93,13.05,313,17.02,80,31.8188190460205,200
"2025","Wichita St.",76.61,280,0.96,83,-1.52,340,-0.49,251,-1.15,307,-0.77,257,-0.28,213,2.87388,18,33.97,104,16.72,264,16.39,306,23.67,59,18.32,267,24.87,57,40.46,89,19.44,301,29.46,15,4.39,353,6.19,278,31.73,30,18.55,316,23.32,60,12.15,333,14.2,190,53.0485510826111,47
"2025","William & Mary",77.72,101,-1.28,300,0.07,160,0.57,111,1.68,21,1.55,53,-0.6,260,1.76967,172,39.78,22,24.74,36,15.71,319,24.03,52,20.05,199,15.39,325,31.62,252,17.92,326,13.44,267,22.16,12,14.8,34,27.29,141,19.24,300,18.3,209,24.28,6,10.81,339,43.0677711963654,114
"2025","Winthrop",76.96,212,-1.37,303,-0.33,222,-0.5,252,0.38,143,0.6,132,-0.85,290,2.66111,36,34.08,102,20.94,117,23.86,48,16.89,275,20.45,184,17.84,261,31.59,253,42.39,4,10.48,324,11.83,148,3.65,353,27.56,129,25.89,88,21.95,90,13.34,303,11.22,325,57.0876836776733,33
"2025","Wisconsin",78,68,2.26,12,0.52,112,-0.11,191,0.69,94,0.62,130,1.39,37,2.60264,45,31.34,174,20.13,141,14.31,346,26.04,25,19.97,206,19.5,199,36.22,173,25.36,195,13.5,265,9.43,229,15.43,26,26.31,166,19.76,291,21.3,109,15.23,231,17.34,76,46.3089257478714,90
"2025","Wofford",76.45,303,-0.69,237,-1.27,330,-2.11,356,-0.32,220,0.6,133,-0.98,303,2.11773,107,31.75,167,22.05,94,19.71,177,20.68,148,24,55,13.55,352,41.85,72,17,336,11.38,308,10.06,206,19.67,9,31.35,39,21.02,260,18.29,211,15.27,226,14.05,199,65.9544229507446,11
"2025","Wright St.",76.63,276,-1.4,320,-0.71,270,0.22,148,-0.54,259,-0.44,238,-1.05,310,1.99618,125,30.39,204,27.12,14,19.47,188,19.78,179,19.4,232,14.23,343,28.02,315,41.37,6,18.33,170,5.8,327,6.48,261,27.84,124,26.36,78,20.62,129,12.95,319,12.23,291,46.54820561409,87
"2025","Wyoming",77.74,100,0.29,153,0.15,152,0.89,61,0.41,139,0.91,95,0.22,142,1.79301,165,38.2,37,20.68,124,14.77,335,19.25,196,27.43,13,17.86,260,36.7,159,32.7,63,17.42,188,9.95,213,3.2,361,23.79,240,20.27,282,26.07,21,18.99,81,10.86,336,9.61588472127914,322
"2025","Xavier",77.31,166,0.06,181,0.91,64,0.25,142,0.06,176,-0.77,258,0.49,114,3.53945,2,24.24,322,25.12,32,17.42,266,16.98,272,24.38,49,16.06,309,37.34,151,30.51,90,18.81,154,6.75,306,6.52,259,27.28,143,22.45,210,22.71,69,14.67,251,12.84,261,25.8792906999588,236
"2025","Yale",77.78,95,-0.77,248,-0.59,254,0.89,61,1.8,20,1.56,51,-0.68,268,1.71384,194,29.66,227,19.27,179,21,129,19.03,201,23.95,57,16.73,289,34.83,202,27.48,154,21.56,86,6.74,307,9.35,138,16.93,358,24.03,151,20.43,137,16.89,156,21.72,9,52.9505848884583,48
"2025","Youngstown St.",76.84,238,2,19,-1.09,305,0.16,155,-0.9,287,-2.01,332,0.45,117,1.87617,148,33.49,123,13.44,346,21.9,97,25.08,37,21.03,152,18.54,231,36.5,163,23.18,230,21.95,77,10.03,208,8.31,183,21.7,303,29.79,21,21.85,92,13.94,286,12.69,271,14.4576862454414,301
