"Season","TeamName","eFGPct","RankeFGPct","TOPct","RankTOPct","ORPct","RankORPct","FTRate","RankFTRate"
2025,"Abilene Christian",46.6891477621091,332,20.7404334750596,350,30.0692383778437,178,37.155119558553,61
2025,"Air Force",50.0928217821782,221,20.7212878856012,348,22.7360308285164,343,35.3960396039604,112
2025,"Akron",55.4337231968811,31,16.5818244302683,139,33.0122591943958,86,26.8031189083821,333
2025,"Alabama",56.3499529633114,15,16.6546624174913,149,34.718826405868,40,40.1222953904045,25
2025,"Alabama A&M",45.0980392156863,353,21.938360284491,360,33.9115351257589,62,38.5813148788927,39
2025,"Alabama St.",47.0559845559846,327,13.2447436289723,5,28.2592313489073,229,29.8745173745174,274
2025,"Albany",49.2643194955334,261,15.7158096614922,78,32.3581560283688,103,29.4797687861272,289
2025,"Alcorn St.",46.112676056338,339,19.588828549263,323,33.5793357933579,71,30.3661971830986,263
2025,"American",51.8044237485448,120,16.7600463678516,156,23.767258382643,335,29.4528521536671,291
2025,"Appalachian St.",49.711353431687,241,16.8897793974275,163,27.5347912524851,250,35.1507376523412,116
2025,"Arizona",52.8785679729076,83,16.2250708546764,116,35.893011216566,19,36.5747460087083,72
2025,"Arizona St.",51.4433551198257,140,17.4577919207991,204,25.1785714285714,318,35.8932461873638,93
2025,"Arkansas",52.7315296566077,88,16.4960821804821,132,27.5611967361741,249,35.5359001040583,107
2025,"Arkansas Pine Bluff",50.2667457024303,207,20.4455221929011,341,26.340545625588,282,32.8393598103142,184
2025,"Arkansas St.",49.2604961832061,262,14.9539897778798,36,33.953488372093,61,34.2080152671756,144
2025,"Army",49.6899661781285,242,14.7149293148982,28,25.7914338919926,302,25.76099210823,346
2025,"Auburn",55.7114721811915,26,13.3689107077304,6,34.3443354148082,51,33.5302806499261,168
2025,"Austin Peay",48.6970684039088,282,14.7535619738838,30,25.7867132867133,303,28.9359391965255,302
2025,"BYU",57.1827411167513,7,17.5533869808723,207,33.3030027297543,77,30.1522842639594,270
2025,"Ball St.",51.3285806869734,145,16.3965261157486,129,26.3655462184874,280,44.4588464031108,6
2025,"Baylor",51.5412748171369,136,16.1112802379224,106,35.573476702509,25,31.0344827586207,242
2025,"Bellarmine",53.6600496277916,62,17.4071269969525,197,20.2420242024202,358,26.4888337468983,336
2025,"Belmont",54.8247841543931,40,15.9394301653716,94,27.1844660194175,260,26.0538344337227,342
2025,"Bethune Cookman",48.1818181818182,297,19.4939407784522,316,28.8428324697755,216,35.8823529411765,94
2025,"Binghamton",51.5933715742511,130,19.5820864918205,322,26.8783068783069,269,33.6520076481836,160
2025,"Boise St.",52.0925110132159,113,16.8768609958268,161,33.2064700285442,78,39.1519823788546,33
2025,"Boston College",48.9232468249586,272,17.2708126785599,187,28.83046237534,218,31.5295416896742,219
2025,"Boston University",50.1782531194296,213,20.5938816724426,342,32.4561403508772,100,30.718954248366,253
2025,"Bowling Green",49.8256827425915,232,17.4532969325592,202,25.5481410867493,310,34.4567112144102,136
2025,"Bradley",56.7805953693495,8,17.3284221095323,192,26.3105835806133,283,32.4145534729879,191
2025,"Brown",51.1334196891192,154,17.1157919924555,175,30.1295896328294,175,27.979274611399,322
2025,"Bryant",51.0110736639384,165,16.5091454496136,134,34.199837530463,54,30.4285026480501,261
2025,"Bucknell",53.8378378378378,57,18.6099485862564,281,25.9944495837188,294,36.7027027027027,68
2025,"Buffalo",48.8179669030733,275,19.538644357261,320,24.8359887535145,322,32.74231678487,187
2025,"Butler",53.046103183315,80,16.3745051198367,126,26.4485981308411,278,37.2667398463227,59
2025,"CSUN",51.8167028199566,119,18.9306465500037,292,35.4243542435424,29,35.7917570498915,100
2025,"Cal Baptist",48.2767624020888,294,17.6736892109224,213,33.3044232437121,76,29.7127937336815,281
2025,"Cal Poly",55.2221172022684,35,20.6924612016352,347,27.6003276003276,247,26.8431001890359,332
2025,"Cal St. Bakersfield",48.2490272373541,296,18.820950815376,290,35.6481481481481,23,34.5191773207337,133
2025,"Cal St. Fullerton",44.1692789968652,359,21.2823845944557,355,25.8555133079848,300,39.1849529780564,32
2025,"California",47.8021978021978,307,16.6083963465864,144,34.7450980392157,39,38.8611388611389,36
2025,"Campbell",49.9703440094899,226,15.7545501298245,83,24.5562130177515,325,29.655990510083,284
2025,"Canisius",51.1655708308428,150,18.5169393448414,275,18.3299389002037,363,23.3114166168559,359
2025,"Central Arkansas",47.4400871459695,319,18.2218510363678,251,28.5468615649183,225,28.8126361655773,310
2025,"Central Connecticut",52.1841794569067,108,17.1697521179793,182,26.5412748171369,274,25.9149940968123,345
2025,"Central Michigan",49.775641025641,234,17.6441801690677,212,32.1389793702497,113,35.8333333333333,97
2025,"Charleston",52.3709167544784,100,16.1898911898912,110,26.5415549597855,273,34.6153846153846,131
2025,"Charleston Southern",48.7071557426338,281,19.9182016299967,332,31.1808118081181,137,43.8965724594107,8
2025,"Charlotte",48.3362019506598,292,15.1453875144333,42,25.4361799816345,311,42.7423981640849,13
2025,"Chattanooga",56.4579808234631,11,15.4198175400425,57,25.7796257796258,304,31.4720812182741,222
2025,"Chicago St.",44.4025834230355,358,18.523097673373,276,22.5806451612903,346,26.8030139935414,334
2025,"Cincinnati",50.8825012607161,170,15.4903758020165,60,32.2889469103568,106,23.3988905698437,358
2025,"Clemson",53.6317135549872,64,15.7230912964714,79,33.7283500455788,67,28.1841432225064,316
2025,"Cleveland St.",49.3063583815029,259,18.3394045974124,263,34.5098039215686,47,31.0404624277457,241
2025,"Coastal Carolina",49.4416873449131,251,18.3602487684411,264,28.9756097560976,212,34.4292803970223,138
2025,"Colgate",54.1530054644809,53,16.7490549578366,154,23.6943907156673,336,22.568306010929,362
2025,"Colorado",50.5678745267712,192,21.0273869938545,352,28.921124206709,213,36.3439697133586,80
2025,"Colorado St.",55.7805007991476,23,17.3642323123808,194,26.4114832535885,279,31.7527970165157,208
2025,"Columbia",52.6298487836949,92,15.4102632353147,56,25.8836944127708,297,29.4543063773833,290
2025,"Connecticut",55.5349576271186,27,17.1228914547516,178,35.5750487329435,24,30.614406779661,256
2025,"Coppin St.",43.9835338822039,362,21.5820166475602,356,26.5151515151515,275,36.4154528182394,76
2025,"Cornell",58.6526576019778,1,16.7555412785095,155,25.5491329479769,309,28.6155747836836,312
2025,"Creighton",55.7712215320911,24,18.0980816681334,246,26.9301470588235,266,28.4679089026915,313
2025,"Dartmouth",50.2877237851662,204,16.1946565650492,111,22.8480340063762,341,30.306905370844,266
2025,"Davidson",52.3613399231192,101,14.6026661642093,26,24.3577545195052,328,29.159802306425,295
2025,"Dayton",52.6134405514072,93,15.5141152031124,62,29.5968534906588,196,37.9092475588742,46
2025,"DePaul",52.6739356178608,90,17.8950311682758,228,27.2241992882562,257,27.4143302180685,327
2025,"Delaware",55.0613496932515,36,16.5783537065212,138,22.4358974358974,349,30.0102249488753,273
2025,"Delaware St.",48.7989886219975,276,18.1132075471698,247,34.0021119324182,58,36.346396965866,79
2025,"Denver",50.3347534996957,202,18.4777059753714,273,26.1316872427984,290,31.6494217894096,211
2025,"Detroit Mercy",45.5962800875274,349,19.0666275315527,302,31.9055944055944,120,28.9387308533917,301
2025,"Drake",53.8237200259235,58,18.6041567001541,279,36.045197740113,17,42.9682436811406,11
2025,"Drexel",52.1774632553076,109,18.6038706119978,278,33.0170777988615,85,24.169842133914,356
2025,"Duke",57.363184079602,5,14.4012015726466,20,35.1800554016621,35,32.089552238806,203
2025,"Duquesne",49.9718468468468,225,18.3351668500183,261,32.9390354868062,88,30.0112612612613,271
2025,"East Carolina",48.4249866524293,289,15.608104931597,72,33.8299737072743,63,35.2375867592098,113
2025,"East Tennessee St.",50.1996577296064,212,16.0776407588545,104,35.6545961002786,22,33.2002281802624,171
2025,"East Texas A&M",49.1831971995333,265,22.5087813864225,362,28.0961182994455,233,28.0046674445741,321
2025,"Eastern Illinois",44.1011235955056,360,18.6559029681647,284,30.0189393939394,180,32.9588014981273,179
2025,"Eastern Kentucky",49.7135416666667,240,13.8468404356689,14,32.3834196891192,101,25.9895833333333,343
2025,"Eastern Michigan",52.390438247012,99,18.71449259218,288,29.6905222437137,193,33.0108138873079,178
2025,"Eastern Washington",50.934861278649,168,18.6886011827917,286,26.919032597266,268,31.0615199034982,238
2025,"Elon",50.2125075895568,211,19.0473771761628,299,36.2903225806452,14,38.7978142076503,37
2025,"Evansville",48.7855450236967,277,17.7492674809786,219,22.6179018286814,345,31.1018957345972,237
2025,"FIU",46.1430967020682,338,19.5383715730453,319,31.0774710596616,145,35.9977641140302,91
2025,"Fairfield",46.3401506996771,335,15.515678810948,63,28.6082474226804,223,25.4036598493003,349
2025,"Fairleigh Dickinson",49.0830945558739,266,17.0698033027918,174,25.9086672879776,296,32.1489971346705,201
2025,"Florida",55.0068902158934,37,15.0309598326664,38,38.1493506493507,8,32.5677537896187,189
2025,"Florida A&M",50.6389776357827,185,20.650750478493,344,27.7083333333333,243,36.6773162939297,69
2025,"Florida Atlantic",53.2174364296834,76,16.2569125191552,121,30.7488986784141,157,33.1603528801245,172
2025,"Florida Gulf Coast",53.8631346578366,56,16.2144234666929,113,29.9703264094955,184,23.0684326710817,360
2025,"Florida St.",50.7072905331882,180,17.4570911125019,203,29.6903460837887,194,39.3906420021763,31
2025,"Fordham",48.6611740473738,284,18.4130297453926,269,31.5270935960591,128,32.8527291452111,183
2025,"Fresno St.",46.1079398028023,340,17.7582852290195,220,27.0183852917666,264,36.377789309808,77
2025,"Furman",53.5958904109589,65,16.9737362597845,170,29.9905392620624,183,35.4452054794521,110
2025,"Gardner Webb",51.9165727170237,118,20.7398039835599,349,33.3646616541353,75,36.2457722660654,84
2025,"George Mason",51.5238642898217,138,20.0084317992776,334,32.0845341018252,116,41.7481311098332,16
2025,"George Washington",50.6141820212172,188,18.2457999527729,253,32.1461187214612,112,40.8151870463428,24
2025,"Georgetown",50.4413291796469,197,17.1215043118494,177,31.5882874889086,126,25.7528556593977,347
2025,"Georgia",52.5138121546961,96,18.8738381933087,291,36.1031518624642,16,39.8342541436464,27
2025,"Georgia Southern",50.625,186,19.0489807365533,300,32.9317269076305,89,26.5,335
2025,"Georgia St.",50.4181913225301,200,16.8040867538985,158,32.3374340949033,104,33.7689492943021,157
2025,"Georgia Tech",50.3530005042864,201,17.4340006272779,199,30.5485232067511,163,31.1649016641452,234
2025,"Gonzaga",55.7142857142857,25,13.2168185077957,4,32.6837909654562,95,30.8571428571429,250
2025,"Grambling St.",47.2924187725632,320,19.1620243517393,305,26.2851600387973,284,35.0782190132371,119
2025,"Grand Canyon",51.2339055793991,148,18.4439523674207,271,32.5068870523416,99,43.9377682403433,7
2025,"Green Bay",50.9365558912387,167,18.0478757115363,241,18.3550651955868,362,37.0392749244713,62
2025,"Hampton",47.5167410714286,316,15.959723096287,95,33.9892665474061,59,30.2455357142857,268
2025,"Harvard",50.5743243243243,191,17.9476004372584,233,24.7663551401869,323,24.3918918918919,354
2025,"Hawaii",50.6188925081433,187,20.6623193964966,345,30.8791208791209,154,39.9348534201954,26
2025,"High Point",56.4158094206822,12,15.3326809609561,51,33.9882121807466,60,37.6285868976719,53
2025,"Hofstra",48.8715277777778,274,17.61125739198,209,25.7518796992481,305,25.3472222222222,350
2025,"Holy Cross",53.0545670225385,79,17.8496443232741,225,23.2124352331606,340,22.1826809015421,364
2025,"Houston",52.6763381690845,89,14.6193081273638,27,36.1351819757366,15,28.1640820410205,317
2025,"Houston Christian",49.0791896869245,267,18.0378100248598,240,25.968992248062,295,30.5095150399018,258
2025,"Howard",53.4854245880862,70,21.2161773352181,354,28.9966923925028,210,35.6780735107731,101
2025,"IU Indy",50.421432871764,199,15.675450473909,76,30.5689488910318,161,34.1360626128838,148
2025,"Idaho",51.7619872905835,121,17.8644516672686,226,28.8718929254302,214,33.6221837088388,162
2025,"Idaho St.",47.7936606587943,308,16.2587013777037,122,38.3022774327122,7,34.3691733996271,141
2025,"Illinois",52.318977756744,104,15.8363164977217,87,36.0066833751044,18,34.5953620444865,132
2025,"Illinois Chicago",51.067615658363,159,17.5029890667949,205,30.0196850393701,179,35.1126927639383,118
2025,"Illinois St.",56.0271646859083,19,15.7812297582174,85,24.6031746031746,324,30.6734578381437,255
2025,"Incarnate Word",51.140456182473,153,18.0699348872947,244,34.4827586206897,48,27.4909963985594,326
2025,"Indiana",51.130389064143,155,16.7204673618505,152,31.4981949458484,130,33.0704521556257,176
2025,"Indiana St.",54.5689655172414,48,19.4564969171044,313,26.188166828322,286,35.8620689655172,95
2025,"Iona",47.5421686746988,315,20.9086311979347,351,39.1304347826087,4,27.855421686747,323
2025,"Iowa",56.7554479418886,9,13.6570721858715,9,25.1318101933216,320,25.956416464891,344
2025,"Iowa St.",54.5620437956204,50,16.8873371827582,162,32.1698113207547,110,38.4775808133472,40
2025,"Jackson St.",47.6996966632963,311,19.4720631705149,314,30.0727566693614,177,37.4620829120324,55
2025,"Jacksonville",50.1395089285714,218,19.3126539128747,309,35.19394512772,34,28.2366071428571,315
2025,"Jacksonville St.",49.5515695067265,247,15.7030605069251,77,30.9124767225326,153,32.1748878923767,200
2025,"James Madison",50.6605399195864,184,15.8393725171657,88,32.0037986704653,118,30.4422745548535,260
2025,"Kansas",53.1449631449631,78,16.7283325297811,153,30.4195804195804,166,24.3243243243243,355
2025,"Kansas City",48.4336609336609,288,18.6978472527689,287,32.8542094455852,90,30.8968058968059,248
2025,"Kansas St.",50.591868244982,190,17.7016734308111,215,29.4015611448395,201,27.6376737004632,324
2025,"Kennesaw St.",49.3103448275862,258,19.7217407598257,327,32.5449385052034,97,38.7931034482759,38
2025,"Kent St.",48.6673773987207,283,17.2903133869301,188,35.7400722021661,20,30.0106609808102,272
2025,"Kentucky",56.0009837678308,20,15.200598056317,44,28.6821705426357,221,35.858337432366,96
2025,"LIU",47.6678043230944,313,20.0730259600605,335,32.2641509433962,107,27.5881683731513,325
2025,"LSU",51.0875331564987,157,18.6246020324819,282,29.4642857142857,199,32.4668435013263,190
2025,"La Salle",46.0506329113924,341,15.5131464975272,61,30.5331179321486,164,31.3924050632911,226
2025,"Lafayette",50.2240896358543,209,16.5908012443101,142,23.9963503649635,332,30.5322128851541,257
2025,"Lamar",47.2490073737947,321,18.9683440534746,294,35.5475763016158,26,28.9846851956892,300
2025,"Le Moyne",51.5342960288809,137,19.6007646191995,324,25.6435643564356,306,37.7256317689531,51
2025,"Lehigh",51.1246786632391,156,15.6283110828565,73,21.3519313304721,355,31.4910025706941,220
2025,"Liberty",58.4473527662106,2,15.3319710288623,50,18.9217758985201,361,30.9339678762641,244
2025,"Lindenwood",45.0140056022409,355,17.9191293742377,229,29.9913569576491,182,35.9663865546218,92
2025,"Lipscomb",55.916345624656,22,14.4361737199174,22,24.1310824230387,329,31.3703907539901,227
2025,"Little Rock",49.5213963963964,249,20.3575530880924,339,30.3857008466604,168,28.9977477477477,299
2025,"Long Beach St.",49.2078580481622,263,21.7099738026298,358,28.5119667013528,226,35.4879594423321,108
2025,"Longwood",51.3125763125763,146,18.0050899947874,237,32.1212121212121,114,45.4212454212454,3
2025,"Louisiana",45.7493188010899,346,16.0326261605249,99,25.8813413585555,298,29.7547683923706,279
2025,"Louisiana Monroe",45.0254381006218,354,17.1326012228881,179,29.0178571428571,208,31.1475409836066,235
2025,"Louisiana Tech",52.5,97,18.9468535609015,293,29.3028322440087,203,35,120
2025,"Louisville",53.3696729435084,72,16.5190111949211,135,32.2307039864292,108,34.4895936570862,135
2025,"Loyola Chicago",52.5829255029908,94,17.6294374878052,210,29.8988040478381,186,31.7020119630234,209
2025,"Loyola MD",50.1460280373832,216,17.6738918034215,214,28.5994123408423,224,29.2640186915888,294
2025,"Loyola Marymount",50.2787068004459,206,15.2308200122601,45,22.7657572906867,342,29.041248606466,297
2025,"Maine",51.5677491601344,132,15.4508849143178,59,21.7898832684825,353,28.1634938409854,318
2025,"Manhattan",50.7432818753573,179,17.0263909059042,173,32.6315789473684,96,30.9319611206404,246
2025,"Marist",49.8831775700935,230,18.3693365488224,266,30.5719921104536,160,22.3714953271028,363
2025,"Marquette",52.0348837209302,114,13.5084427767355,8,30.1164725457571,176,26.0658914728682,341
2025,"Marshall",49.9464954521134,228,16.5046506748724,133,32.9594477998274,87,34.8314606741573,126
2025,"Maryland",53.7837837837838,59,14.5094524815431,23,30.9586631486368,151,32.9238329238329,180
2025,"Maryland Eastern Shore",45.6565656565657,348,19.716202022421,326,27.0516717325228,262,35.6228956228956,104
2025,"Massachusetts",45.1409869083585,352,16.1037999809356,105,34.2767295597484,52,34.0382678751259,149
2025,"McNeese",53.2731376975169,75,16.2219118331741,115,34.6704871060172,42,35.665914221219,103
2025,"Memphis",53.6404160475483,63,19.1727176307416,306,35.0682593856655,37,39.4254581475978,30
2025,"Mercer",48.9722507708119,270,16.6133118058069,146,28.8414133114215,217,29.8047276464543,277
2025,"Mercyhurst",48.6396814863968,285,16.4465146775582,131,22.1973094170404,351,30.9223623092236,247
2025,"Merrimack",49.355185384202,256,13.8127488881784,12,20.7513416815742,356,24.4492208490059,353
2025,"Miami FL",51.9469983775014,117,16.0450586898902,101,28.2273603082852,231,26.3926446727961,338
2025,"Miami OH",55.4061181434599,33,17.4463126352589,201,27.5117370892019,251,28.1118143459916,319
2025,"Michigan",54.4972208185953,51,19.8159065053263,328,33.1536388140162,81,34.967155128853,123
2025,"Michigan St.",51.1503067484663,151,16.6132513571849,145,35.3260869565217,31,37.8323108384458,47
2025,"Middle Tennessee",50.8038585209003,175,16.5885239669612,141,30.6537102473498,158,32.3151125401929,194
2025,"Milwaukee",51.427771556551,141,19.3965388854139,312,39.828897338403,3,38.0179171332587,44
2025,"Minnesota",49.8615725359911,231,16.628519593178,147,30.1971326164875,172,31.4507198228128,223
2025,"Mississippi",51.084215834594,158,12.7528750901431,3,25.3544620517098,313,35.6026222894604,105
2025,"Mississippi St.",51.7422434367542,122,15.0852574915924,39,34.0764331210191,57,31.6467780429594,212
2025,"Mississippi Valley St.",42.1016483516484,364,24.2970919092248,363,22.6611226611227,344,30.2884615384615,267
2025,"Missouri",56.1974789915966,18,15.2371086183547,47,33.7327188940092,66,46.8487394957983,2
2025,"Missouri St.",50.9208103130755,169,20.6800256613457,346,32.1175278622087,115,34.2541436464088,143
2025,"Monmouth",47.1960167714885,323,16.2033430523715,112,29.75,191,36.7400419287212,66
2025,"Montana",56.3620071684588,13,16.2363556285636,118,22.5701943844492,347,36.2007168458781,86
2025,"Montana St.",52.7888446215139,86,15.1085488425939,40,20.7233626588465,357,31.8725099601594,206
2025,"Morehead St.",45.9390862944162,342,18.3654972114348,265,31.15234375,140,37.5634517766497,54
2025,"Morgan St.",49.0412550842533,269,17.9473625981881,232,34.08203125,56,35.6769320162696,102
2025,"Mount St. Mary's",51.0331702011963,163,21.7212185559371,359,31.1172668513389,142,31.0494834148994,240
2025,"Murray St.",49.4020501138952,253,16.9589516284448,167,29.1058394160584,206,41.2300683371298,22
2025,"N.C. State",48.3036707452725,293,14.4057036820002,21,28.83046237534,218,32.258064516129,196
2025,"NJIT",45.3233256351039,351,17.9775280898876,235,27.6769509981851,244,27.3672055427252,328
2025,"Navy",48.0156657963446,302,16.1450795947902,107,31.2605042016807,135,33.8381201044386,153
2025,"Nebraska",51.5581524763495,134,16.220450670476,114,26.7857142857143,272,36.0044518642181,90
2025,"Nebraska Omaha",53.4908700322234,69,15.7469626009638,82,29.1512915129151,205,36.358754027927,78
2025,"Nevada",53.7254901960784,60,15.5346108811834,64,27.4209012464046,253,37.3109243697479,57
2025,"New Hampshire",47.1363115693013,326,18.9965903555772,295,27.3542600896861,254,26.4032073310424,337
2025,"New Mexico",50.7715281234445,176,15.5719831941711,69,31.5490673154907,127,37.7799900447984,50
2025,"New Mexico St.",46.1719670200236,337,15.5537121526338,66,32.5289575289575,98,34.452296819788,137
2025,"New Orleans",45.8695652173913,344,18.7725382611246,289,31.6455696202532,125,33.8586956521739,152
2025,"Niagara",52.0337922403004,115,18.6046511627907,280,23.5541535226078,338,30.3504380475595,265
2025,"Nicholls",48.1012658227848,300,15.2612582059543,48,30.6157849089332,159,33.1315354980737,174
2025,"Norfolk St.",52.3974581166956,98,18.2933710287645,258,32.8141225337487,93,38.9948006932409,34
2025,"North Alabama",51.7275913870806,123,12.4997837906402,1,33.5042735042735,72,30.8462694041062,251
2025,"North Carolina",54.1706161137441,52,15.1149154547004,41,29.2163543441227,204,34.8341232227488,125
2025,"North Carolina A&T",45.8378088077336,345,15.3961894431128,53,26.9933554817276,265,31.203007518797,232
2025,"North Carolina Central",50.1194743130227,220,19.2014179508641,307,34.5739471106758,45,39.7849462365591,28
2025,"North Dakota",49.6777658431794,245,16.5853196228024,140,33.7059329320722,69,33.5660580021482,165
2025,"North Dakota St.",58.232077764277,3,15.579258203294,70,26.2349066959385,285,32.6245443499392,188
2025,"North Florida",53.1979695431472,77,14.9608976538592,37,27.9863481228669,237,24.8223350253807,351
2025,"North Texas",51.5909090909091,131,16.9724676462336,168,33.0777656078861,83,36.5584415584416,73
2025,"Northeastern",51.0551948051948,160,18.5704478549736,277,31.4179796107507,131,28.030303030303,320
2025,"Northern Arizona",50.2866972477064,205,15.3599178064599,52,31.5145813734713,129,29.644495412844,286
2025,"Northern Colorado",57.347972972973,6,15.7331837138412,80,25.1565762004175,319,33.4459459459459,169
2025,"Northern Illinois",47.1569839307787,325,16.3019893206876,125,17.7966101694915,364,31.5822002472188,218
2025,"Northern Iowa",55.4790419161677,29,15.9260400616333,93,25.5983350676379,308,35.2095808383234,114
2025,"Northern Kentucky",49.8070562293275,233,17.2925722701252,189,31.0282074613285,147,31.2568908489526,231
2025,"Northwestern",49.7693490517683,236,14.8572138208216,34,31.1744386873921,139,31.3172731932342,228
2025,"Northwestern St.",48.7454100367197,279,20.1935645891421,337,33.1372549019608,82,32.1909424724602,199
2025,"Notre Dame",51.6940179989412,125,16.5267798179119,136,29.6396396396396,195,31.7628374801482,207
2025,"Oakland",50.1315097317202,219,18.0130629082159,239,34.0929009640666,55,31.6675433982115,210
2025,"Ohio",53.3765532144787,71,14.9466630120435,35,23.9356669820246,333,33.54943273906,166
2025,"Ohio St.",53.5297239915074,68,15.5965397962423,71,28.9772727272727,211,35.828025477707,98
2025,"Oklahoma",54.9429657794677,38,17.2669342536595,186,26.4677574590953,277,39.5980445410103,29
2025,"Oklahoma St.",48.2561307901907,295,19.0653412336973,301,30.9834638816362,149,41.6348773841962,18
2025,"Old Dominion",44.0913604766634,361,16.9397231967483,166,36.412213740458,13,30.9334657398213,245
2025,"Oral Roberts",49.9657768651608,227,16.2915627962501,124,22.5663716814159,348,34.9760438056126,122
2025,"Oregon",52.2480620155039,105,16.249419858582,120,30.5530371713509,162,33.3850129198966,170
2025,"Oregon St.",54.5887961859356,46,16.5973060159078,143,31.8281938325991,122,38.9153754469607,35
2025,"Pacific",48.1449771689498,299,19.3295931356372,310,28.8461538461538,215,32.8196347031963,185
2025,"Penn",49.4296577946768,252,16.3983710951379,130,26.9270298047276,267,28.8973384030418,303
2025,"Penn St.",54.0736607142857,54,17.445921618291,200,28.6135693215339,222,37.9464285714286,45
2025,"Pepperdine",49.6503496503497,246,16.0613560798394,102,27.6261373035567,246,31.6183816183816,215
2025,"Pittsburgh",52.215018908698,107,14.797977455119,33,29.0471785383904,207,34.1977309562399,146
2025,"Portland",50.1457725947522,217,18.011381862681,238,23.9193083573487,334,32.2448979591837,197
2025,"Portland St.",50.5014749262537,196,18.3858524122038,268,33.4307992202729,74,34.2772861356932,142
2025,"Prairie View A&M",48.1573157315732,298,16.6673253798423,151,24.5283018867925,326,33.7733773377338,155
2025,"Presbyterian",51.2091898428053,149,16.2827899233981,123,29.5546558704453,197,31.2575574365175,230
2025,"Princeton",51.4609421586166,139,15.2355934986045,46,26.1261261261261,291,24.6273106738223,352
2025,"Providence",52.1276595744681,110,19.0100304767688,296,33.1805682859762,80,29.569012547736,288
2025,"Purdue",56.333870101986,16,15.5665932715449,68,30.9664694280079,150,34.621578099839,130
2025,"Purdue Fort Wayne",54.7435190292333,42,13.8206478135852,13,22.0255653883972,352,29.0678433535576,296
2025,"Queens",52.3458810692853,103,17.9978535723099,236,31.1151079136691,143,33.7152209492635,159
2025,"Quinnipiac",48.3953132959755,290,17.9222605595801,230,33.4510150044131,73,31.1258278145695,236
2025,"Radford",51.1425135297655,152,17.7347140837791,218,33.8278931750742,64,41.250751653638,21
2025,"Rhode Island",52.8099652375435,84,17.873930755928,227,28.2567049808429,230,41.0776361529548,23
2025,"Rice",48.5764090644974,286,17.8317643486183,224,33.716814159292,68,43.2887855897734,9
2025,"Richmond",48.3752299202943,291,15.4036165563543,54,19.3124368048534,360,29.6750459840589,283
2025,"Rider",47.6768743400211,312,17.13469776297,181,32.2270742358079,109,29.6198521647307,287
2025,"Robert Morris",51.3374485596708,144,18.4596384987461,272,35.2586206896552,33,38.4259259259259,41
2025,"Rutgers",50.5673027333677,193,15.4099193076575,55,30.7824591573517,156,36.2042289840124,85
2025,"SIUE",48.9488636363636,271,17.1337838336841,180,31.7604355716878,124,33.0681818181818,177
2025,"SMU",54.6786632390746,43,17.3598553345389,193,36.7201426024955,11,36.6580976863753,70
2025,"Sacramento St.",48.0191693290735,301,20.3168270051055,338,27.3538156590684,255,31.3099041533546,229
2025,"Sacred Heart",51.0116337885685,164,17.7324614873102,217,31.3758389261745,133,26.3530601922104,340
2025,"Saint Francis",51.5643447461629,133,19.5772972044699,321,25.3507014028056,314,23.8488783943329,357
2025,"Saint Joseph's",52.1021021021021,112,16.5558841302011,137,30.3979678238781,167,32.3323323323323,193
2025,"Saint Louis",56.3268892794376,17,18.6483479612199,283,23.6252545824847,337,29.8183948447569,276
2025,"Saint Mary's",50.8684210526316,171,15.1478133398485,43,40.5211141060198,2,31.4210526315789,225
2025,"Saint Peter's",44.6618037135279,357,20.6141537235027,343,36.9834710743802,10,34.6816976127321,129
2025,"Sam Houston St.",51.0024301336573,166,18.2917687040832,257,30.3,170,36.3304981773998,81
2025,"Samford",54.6394485683987,44,18.3120328784227,259,34.6153846153846,44,29.2682926829268,293
2025,"San Diego",45.6975560081466,347,18.4166272102402,270,29.862792574657,189,30.4989816700611,259
2025,"San Diego St.",50.6662628709873,182,16.8091131253313,159,29.4117647058824,200,32.0411871592974,205
2025,"San Francisco",53.0409041980624,81,16.973253583117,169,29.006266786034,209,34.983853606028,121
2025,"San Jose St.",50.5534034311013,194,17.3807528963106,196,26.8135904499541,270,31.4886552296624,221
2025,"Santa Clara",55.507614213198,28,16.9901975386279,172,32.8223624887286,92,28.8832487309645,305
2025,"Seattle",46.5352449223417,334,16.9882835166735,171,29.8797409805735,188,42.2939068100358,14
2025,"Seton Hall",44.7457627118644,356,19.093876235881,303,31.2173913043478,136,32.8813559322034,182
2025,"Siena",49.3979200875753,254,17.2459885443862,184,28.7934186471664,220,37.2742200328407,58
2025,"South Alabama",50.8235294117647,172,14.5520228456582,25,28.3365570599613,228,33.5882352941176,163
2025,"South Carolina",48.8760806916426,273,18.3853613524383,267,30.3571428571429,169,43.2853025936599,10
2025,"South Carolina St.",50.8092485549133,174,19.8831572114457,330,35.6730769230769,21,42.8901734104046,12
2025,"South Dakota",50.0785751702462,223,12.6239054096102,2,29.9915038232795,181,45.4164484023049,4
2025,"South Dakota St.",53.5917901938426,66,17.6321022464924,211,33.6300692383778,70,31.1858608893957,233
2025,"South Florida",49.7263273125342,238,16.1774478128366,109,27.7385159010601,242,34.9206349206349,124
2025,"Southeast Missouri",51.3375071143995,143,15.4262581742401,58,24,331,28.8560045532157,307
2025,"Southeastern Louisiana",49.1860465116279,264,17.3724747164054,195,30.9178743961353,152,34.7093023255814,128
2025,"Southern",47.2270869819031,322,18.5022026431718,274,34.4433872502379,49,38.1202568593111,43
2025,"Southern Illinois",51.5519187358916,135,18.2754590886935,256,30.2943969610636,171,34.1986455981941,145
2025,"Southern Indiana",47.8736330498177,305,17.2237667291653,183,27.893175074184,240,30.6804374240583,254
2025,"Southern Miss",47.936158503027,304,19.4795312737787,315,28.0701754385965,235,33.7919647771051,154
2025,"Southern Utah",46.7628205128205,331,21.6287907771571,357,30.1440329218107,174,36.1538461538462,87
2025,"St. Bonaventure",50.2237136465324,210,16.067521847765,103,28.030303030303,236,30.8724832214765,249
2025,"St. John's",49.6856757970364,244,15.5613190070396,67,37.3292867981791,9,30.1751234845083,269
2025,"St. Thomas",57.8046041549691,4,13.7647365524433,11,21.4285714285714,354,33.9696799550814,151
2025,"Stanford",50.438370293966,198,15.7907834309888,86,31.0586176727909,146,29.6544610624033,285
2025,"Stephen F. Austin",46.6729441305713,333,22.2422838900446,361,34.5666991236612,46,32.2661644695543,195
2025,"Stetson",50.238379022646,208,18.6692742859543,285,24.0594059405941,330,33.0750893921335,175
2025,"Stonehill",51.0500308832613,161,18.2651876938298,255,26.3589743589744,281,31.4391599752934,224
2025,"Stony Brook",47.719298245614,309,18.3364768483244,262,29.4930875576037,198,31.6374269005848,214
2025,"Syracuse",51.0437881873727,162,17.9296820282953,231,31.3793103448276,132,33.1466395112016,173
2025,"TCU",46.8,330,17.2637831817338,185,33.0188679245283,84,33.5466666666667,167
2025,"Tarleton St.",45.8798882681564,343,25.0960668715238,364,28.0936454849498,234,41.4804469273743,19
2025,"Temple",49.9172185430464,229,15.742388998527,81,32.0255474452555,117,45.1986754966887,5
2025,"Tennessee",52.803738317757,85,15.9938899746164,98,35.4223433242507,30,35.4101765316719,111
2025,"Tennessee Martin",47.6244343891403,314,19.5119577646401,317,34.6724890829694,41,34.3891402714932,140
2025,"Tennessee St.",51.3490241102181,142,21.14565612048,353,33.7760910815939,65,41.3892078071183,20
2025,"Tennessee Tech",50.7462686567164,178,17.4258286017703,198,24.9534450651769,321,28.8748564867968,306
2025,"Texas",52.5347912524851,95,14.3577146245394,18,29.7854077253219,190,36.5805168986084,71
2025,"Texas A&M",47.4726420010422,317,18.1506967340234,249,42.0454545454545,1,41.6883793642522,17
2025,"Texas A&M Corpus Chris",52.7744982290437,87,17.7657146382086,222,31.9042871385842,121,36.7178276269185,67
2025,"Texas Southern",47.4504249291785,318,19.8325279870344,329,30.4666056724611,165,28.8951841359773,304
2025,"Texas St.",50.7479861910242,177,18.1310848188719,248,35.0980392156863,36,36.0184119677791,89
2025,"Texas Tech",55.4554554554555,30,14.7865999247187,32,34.257602862254,53,29.7297297297297,280
2025,"The Citadel",46.8967921896792,329,19.5251959037645,318,27.2158498435871,259,32.7754532775453,186
2025,"Toledo",50.5130836326321,195,13.6687020334995,10,29.8951048951049,187,35.4540790148794,109
2025,"Towson",47.9491173416407,303,14.5188811779106,24,35.2891869237217,32,28.4008307372793,314
2025,"Troy",50.0852272727273,222,19.9376044702716,333,38.5819521178637,6,37.7840909090909,49
2025,"Tulane",52.103467879477,111,15.8516400396291,89,27.2200772200772,258,35.1335986355884,117
2025,"Tulsa",49.5230078563412,248,16.868591083913,160,27.1739130434783,261,34.1750841750842,147
2025,"UAB",50.6970260223048,181,13.8972319181752,15,38.755980861244,5,31.6449814126394,213
2025,"UC Davis",46.2522851919561,336,19.6881494354849,325,27.6353276353276,245,38.3302864107252,42
2025,"UC Irvine",51.6463090812533,129,18.2509833040091,254,28.4658040665434,227,36.2719065321296,83
2025,"UC Riverside",49.5049504950495,250,15.8736624053719,90,32.3249783923941,105,28.7128712871287,311
2025,"UC San Diego",55.4282596835788,32,13.4443582127873,7,25.6314312441534,307,33.7697763229678,156
2025,"UC Santa Barbara",54.627539503386,45,18.2273010205879,252,27.5728155339806,248,29.6839729119639,282
2025,"UCF",49.3695441319108,255,17.1200714362693,176,32.3786793953858,102,36.2754607177498,82
2025,"UCLA",52.9681597409606,82,15.9157731650205,91,32.8287606433302,91,32.9195898542903,181
2025,"UMBC",55.2366863905325,34,15.922158337019,92,19.4154488517745,359,31.5976331360947,217
2025,"UMass Lowell",54.5702179176755,47,18.058690744921,243,26.1013215859031,292,31.5980629539952,216
2025,"UNC Asheville",51.9825072886297,116,14.7841774101289,31,29.7244094488189,192,34.402332361516,139
2025,"UNC Greensboro",50.6642512077295,183,15.3195350761306,49,31.1442786069652,141,29.8309178743961,275
2025,"UNC Wilmington",52.217414818821,106,15.9937517121591,97,35.4570637119114,28,37.8042184964846,48
2025,"UNLV",49.7261774370208,239,16.1529945563949,108,27.2727272727273,256,35.815991237678,99
2025,"USC",54.5674368619022,49,17.7623953112501,221,28.220255653884,232,36.4320257925846,74
2025,"USC Upstate",49.7716894977169,235,19.0396914256907,298,25.3295668549906,315,30.365296803653,264
2025,"UT Arlington",51.6867469879518,126,19.2430806332316,308,32.7772325809617,94,36.9879518072289,63
2025,"UT Rio Grande Valley",51.6716417910448,127,19.1594197208535,304,30.8004052684904,155,22.7462686567164,361
2025,"UTEP",49.2961876832845,260,16.6303129632084,148,25.3547776726585,312,36.950146627566,65
2025,"UTSA",49.68820861678,243,15.6510646649004,75,27.0422535211268,263,29.0249433106576,298
2025,"Utah",51.714135021097,124,18.0548285973177,242,34.9274124679761,38,36.9725738396624,64
2025,"Utah St.",55.9924078091106,21,15.9706585575338,96,34.622641509434,43,37.6355748373102,52
2025,"Utah Tech",48.7679083094556,278,18.3301298579532,260,26.1707988980716,287,33.6389684813754,161
2025,"Utah Valley",50.8219954648526,173,17.297699452472,190,31.1049210770659,144,41.8367346938776,15
2025,"VCU",52.3505365355135,102,16.7841710256993,157,36.6723259762309,12,32.2432294328053,198
2025,"VMI",48.4848484848485,287,17.9530805022472,234,25.2408477842004,316,37.4545454545455,56
2025,"Valparaiso",47.7141355754073,310,13.9717389825126,16,26.4855687606112,276,33.5785601681555,164
2025,"Vanderbilt",51.6675088428499,128,14.7236543045623,29,32.1582115219261,111,34.0070742799394,150
2025,"Vermont",49.0436341900777,268,17.3061883498575,191,26.1583011583012,288,29.7668858338314,278
2025,"Villanova",54.8546352166758,39,15.6498816119855,74,30.1571709233792,173,28.8535381239715,308
2025,"Virginia",52.6570048309179,91,16.3787912401356,127,22.360248447205,350,26.3888888888889,339
2025,"Virginia Tech",51.2373453318335,147,20.1013247006714,336,31.0114503816794,148,30.8211473565804,252
2025,"Wagner",43.7364228819696,363,19.3894518871772,311,31.8032786885246,123,29.3265749456915,292
2025,"Wake Forest",49.354657687991,257,16.6649403261633,150,26.7924528301887,271,36.1391694725028,88
2025,"Washington",50.6129597197898,189,17.5139164470391,206,27.5096525096525,252,34.5008756567426,134
2025,"Washington St.",56.6649242028228,10,20.3806067766572,340,31.3035204567079,134,32.4098274960795,192
2025,"Weber St.",50.1778304682869,214,16.9142440535861,165,24.3639921722114,327,34.7362181387078,127
2025,"West Georgia",47.1894322653176,324,16.2468947759706,119,26.0948905109489,293,28.8364249578415,309
2025,"West Virginia",49.9728555917481,224,16.2269891623524,117,25.8760107816712,299,25.6243213897937,348
2025,"Western Carolina",45.4212454212454,350,19.0332889651935,297,25.8095238095238,301,27.045177045177,331
2025,"Western Illinois",50.1598465473146,215,18.1557507932949,250,27.9365079365079,239,27.2378516624041,329
2025,"Western Kentucky",47.8648648648649,306,15.5427425419905,65,23.524379811805,339,32.1081081081081,202
2025,"Western Michigan",47.0238095238095,328,15.7763389818677,84,34.3594009983361,50,30.952380952381,243
2025,"Wichita St.",48.7434554973822,280,16.3828653182596,128,31.9444444444444,119,35.1832460732984,115
2025,"William & Mary",53.7209302325581,61,18.0838196784838,245,26.1583011583012,288,35.5813953488372,106
2025,"Winthrop",53.3026529507309,73,17.707619135026,216,31.17903930131,138,47.6989713048186,1
2025,"Wisconsin",53.5835351089588,67,14.1044454930593,17,27.9624893435635,238,33.7530266343826,158
2025,"Wofford",53.2791327913279,74,16.8975883733071,164,35.5454545454545,27,31.0569105691057,239
2025,"Wright St.",56.3611111111111,14,17.7738280382137,223,27.8391959798995,241,27.0555555555556,330
2025,"Wyoming",50.3246753246753,203,19.9014778325123,331,29.9526066350711,185,30.4014167650531,262
2025,"Xavier",53.9053905390539,55,16.0358237622767,100,25.197628458498,317,37.1837183718372,60
2025,"Yale",54.7535211267606,41,14.3840062313384,19,33.1905781584582,79,32.0422535211268,204
2025,"Youngstown St.",49.7589716122121,237,17.5835857006029,208,29.3088363954506,202,36.4220674879486,75
