"Season","TeamName","Off_1","RankOff_1","Off_2","RankOff_2","Off_3","RankOff_3","Def_1","RankDef_1","Def_2","RankDef_2","Def_3","RankDef_3"
2025,"Abilene Christian",22.2562531904033,31,59.5201633486473,4,18.2235834609495,362,25.6559766763848,2,51.3119533527697,109,23.0320699708455,360
2025,"Air Force",18.3148335015136,223,42.4823410696266,349,39.2028254288597,19,18.4980907933814,217,52.1001272804412,82,29.4017819261773,268
2025,"Akron",15.3330852251582,342,46.594715295869,277,38.0721994789728,40,19.8847262247839,130,50.7204610951009,131,29.3948126801153,269
2025,"Alabama",20.3192550714998,101,45.360824742268,304,34.3199201862321,103,19.9478972832155,124,52.9214737625605,57,27.130628954224,328
2025,"Alabama A&M",22.1890547263682,36,44.6766169154229,326,33.134328358209,127,23.1765213638325,20,45.7488131204143,312,31.0746655157531,192
2025,"Alabama St.",18.1360201511335,234,45.088161209068,311,36.7758186397985,57,21.195652173913,57,47.8260869565217,255,30.9782608695652,200
2025,"Albany",17.7992108724244,255,53.6606751424814,63,28.5401139850943,263,19.0681622088007,172,53.4943917169974,42,27.4374460742019,322
2025,"Alcorn St.",19.1604938271605,163,56.0987654320988,20,24.7407407407407,337,17.6391982182628,268,46.4142538975501,293,35.9465478841871,36
2025,"American",17.7449168207024,259,44.8243992606285,318,37.4306839186691,46,18.4947223497017,218,53.4189995410739,44,28.0862781092244,310
2025,"Appalachian St.",18.8056574122577,189,46.9355683603981,263,34.2587742273442,104,15.2162306460224,342,51.7885744794447,95,32.9951948745328,118
2025,"Arizona",21.3386110111551,63,53.6164087801367,65,25.0449802087082,331,17.6613885505481,266,46.5286236297199,290,35.809987819732,41
2025,"Arizona St.",20.1606086221471,111,44.2096365173288,331,35.6297548605241,73,18.9211279117286,183,49.2031058438905,208,31.8757662443809,156
2025,"Arkansas",19.8180379746835,129,52.2943037974684,94,27.8876582278481,287,18.1005110732538,243,49.8296422487223,172,32.0698466780239,154
2025,"Arkansas Pine Bluff",16.1641127039051,319,54.4735541275334,46,29.3623331685615,236,20.0080515297907,120,45.8132045088567,311,34.1787439613527,83
2025,"Arkansas St.",20.2394747006566,104,45.3456933178834,307,34.41483198146,97,22.4086021505376,33,50.752688172043,127,26.8387096774194,335
2025,"Army",15.0770712909441,346,52.4084778420039,86,32.514450867052,149,14.9977548271217,346,50.381679389313,149,34.6205657835653,69
2025,"Auburn",18.2146729309722,226,48.933863389953,195,32.8514636790748,138,23.8572050500653,12,50.9360034828037,121,25.206791467131,350
2025,"Austin Peay",17.4793008279669,274,47.7460901563937,235,34.7746090156394,90,19.6512122501063,143,49.8511271799234,171,30.4976605699702,222
2025,"BYU",15.6811377245509,332,44.685628742515,323,39.6332335329341,18,17.058572039333,292,44.97648567764,325,37.9649422830269,15
2025,"Ball St.",23.3301064859632,15,47.918683446273,231,28.7512100677638,255,17.702895111533,263,52.3967726625534,69,29.9003322259136,244
2025,"Baylor",18.3360927152318,220,48.5099337748344,214,33.1539735099338,126,18.6182144459399,204,46.9268730372364,282,34.4549125168237,74
2025,"Bellarmine",15.8969372873116,323,47.9338842975207,230,36.1691784151677,68,18.6174724342663,205,42.5784563189143,354,38.8040712468193,9
2025,"Belmont",14.4950495049505,351,45.7029702970297,298,39.8019801980198,16,15.3721024806832,338,48.6376575843839,230,35.9902399349329,34
2025,"Bethune Cookman",20.4415011037528,98,52.80353200883,78,26.7549668874172,309,19.4036119277614,153,51.994960100798,86,28.6014279714406,294
2025,"Binghamton",18.6023127199598,204,51.0809451985923,128,30.316742081448,213,18.8563327032136,189,49.8109640831758,174,31.3327032136106,175
2025,"Boise St.",22.6492232215863,24,47.4243663123467,252,29.926410466067,223,17.8358551123338,256,51.3525905547914,106,30.8115543328748,209
2025,"Boston College",18.7901008249313,191,52.8872593950504,75,28.3226397800183,267,20.3916560238399,96,50.4895700297999,140,29.1187739463602,277
2025,"Boston University",17.002457002457,293,48.6486486486486,209,34.3488943488943,101,18.5727788279773,211,47.5425330812854,266,33.8846880907372,91
2025,"Bowling Green",20.5282669138091,92,47.6367006487488,243,31.8350324374421,167,18.2220256523662,236,49.0048651039363,218,32.7731092436975,125
2025,"Bradley",17.7644710578842,257,45.8283433133733,295,36.4071856287425,65,21.1488250652742,60,44.3864229765013,334,34.4647519582245,73
2025,"Brown",14.7408207343413,349,51.7278617710583,110,33.5313174946004,114,17.3773987206823,277,51.5991471215352,100,31.0234541577825,197
2025,"Bryant",17.6447726389429,267,54.2557326078508,52,28.0994947532064,274,18.4486373165618,221,51.7400419287212,97,29.811320754717,253
2025,"Bucknell",18.4609087187884,214,48.6287351616864,211,32.9103561195252,135,19.4283347141674,151,46.6445733222867,288,33.927091963546,90
2025,"Buffalo",18.9798921039725,177,47.7685139774399,234,33.2515939185875,123,17.2093023255814,287,52.8541226215645,59,29.9365750528541,242
2025,"Butler",20.6811653672548,84,45.7119409109561,297,33.6068937217891,113,13.5057471264368,359,56.3218390804598,11,30.1724137931034,235
2025,"CSUN",20.2087682672234,107,54.8643006263048,39,24.9269311064718,332,25.7555254848895,1,33.9197113216058,363,40.3247631935047,4
2025,"Cal Baptist",18.9035087719298,183,53.0701754385965,72,28.0263157894737,277,18.5631414547077,212,56.1356537260152,12,25.3012048192771,349
2025,"Cal Poly",15.7534246575342,330,41.7447728911319,353,42.5018024513338,4,18.7654320987654,193,49.8059964726631,175,31.4285714285714,172
2025,"Cal St. Bakersfield",21.6606498194946,50,52.6173285198556,80,25.7220216606498,320,24.4635193133047,8,44.6351931330472,330,30.9012875536481,205
2025,"Cal St. Fullerton",24.6524064171123,4,51.7647058823529,108,23.5828877005348,350,19.1101694915254,169,45.1694915254237,322,35.7203389830508,44
2025,"California",23.2558139534884,16,48.1154771451484,222,28.6287089013633,259,18.6266771902131,202,52.9597474348856,55,28.4135753749013,300
2025,"Campbell",18.4808901790034,213,48.8630865989357,197,32.656023222061,144,16.6826923076923,309,56.0576923076923,13,27.2596153846154,324
2025,"Canisius",14.7410358565737,348,47.3107569721116,255,37.9482071713147,42,17.3574066475174,282,50.3898235535494,147,32.2527697989331,143
2025,"Central Arkansas",17.946302402261,247,45.3132359868111,308,36.7404616109279,58,12.6016260162602,362,40.8130081300813,359,46.5853658536585,2
2025,"Central Connecticut",15.6085918854415,333,56.6109785202864,14,27.7804295942721,291,11.9387216059165,363,52.4035921817221,68,35.6576862123613,45
2025,"Central Michigan",20.8460754332314,80,54.230377166157,53,24.9235474006116,333,17.1812749003984,288,45.9163346613546,309,36.902390438247,25
2025,"Charleston",19.0224032586558,175,47.9837067209776,228,32.9938900203666,130,15.8495350803043,327,52.0710059171598,84,32.0794590025359,153
2025,"Charleston Southern",23.0038022813688,19,46.4828897338403,281,30.5133079847909,205,17.8510998307953,255,60.3214890016921,1,21.8274111675127,364
2025,"Charlotte",24.9443207126949,1,45.5233853006682,301,29.532293986637,232,19.0496040016674,174,55.1896623593164,21,25.7607336390163,346
2025,"Chattanooga",17.6470588235294,265,45.8247634718223,296,36.5281777046483,61,18.7582562747688,194,46.7635402906209,284,34.4782034346103,72
2025,"Chicago St.",17.5412293853073,270,47.6761619190405,239,34.7826086956522,89,19.539316918189,147,49.4837172359015,191,30.9769658459095,201
2025,"Cincinnati",13.3161512027491,361,55.4982817869416,29,31.1855670103093,191,15.8598432457354,326,54.6795758414016,26,29.4605809128631,263
2025,"Clemson",16.7526796347757,301,50.0198491464867,165,33.2274712187376,124,16.3820950622981,319,52.0535302261191,85,31.5643747115828,163
2025,"Cleveland St.",18.4902054467272,212,55.1361681796464,33,26.3736263736264,315,20.956607495069,72,46.3510848126233,297,32.6923076923077,127
2025,"Coastal Carolina",19.4542698332491,151,47.1955533097524,257,33.3501768569985,118,21.7551963048499,42,49.6997690531178,179,28.5450346420323,296
2025,"Colgate",13.2224168126095,362,50.5253940455341,154,36.2521891418564,66,14.402407566638,352,49.6130696474635,182,35.9845227858985,35
2025,"Colorado",21.3294068153134,64,50.6520824568784,149,28.0185107278082,280,19.8353909465021,134,47.8189300411523,256,32.3456790123457,138
2025,"Colorado St.",18.0609851446443,237,47.3807662236122,253,34.4800625488663,95,19.1144234984656,168,49.4519947391495,194,31.4335817623849,170
2025,"Columbia",16.9174883238194,296,51.790347690711,107,31.2921639854696,189,14.1509433962264,356,48.4607745779543,236,37.3882820258193,19
2025,"Connecticut",17.8935003915427,251,48.6296006264683,210,33.476898981989,116,23.2071269487751,18,48.195991091314,243,28.5968819599109,295
2025,"Coppin St.",21.9224283305228,43,53.2883642495784,69,24.7892074198988,336,19.372197309417,156,49.9551569506726,168,30.6726457399103,215
2025,"Cornell",15.6819191470458,331,45.1354953354065,310,39.1825855175478,20,17.3647058823529,279,50.4470588235294,143,32.1882352941176,149
2025,"Creighton",15.7544956997654,329,46.5989053948397,276,37.6465989053948,45,11.3790186125212,364,56.0067681895093,14,32.6142131979695,131
2025,"Dartmouth",18.4551581130119,215,43.1311560393987,343,38.4136858475894,36,14.1810570381999,355,55.9916274201988,15,29.8273155416013,250
2025,"Davidson",17.2668112798265,285,48.763557483731,201,33.9696312364425,107,15.8285964145168,329,50.19676432007,159,33.9746392654132,89
2025,"Dayton",21.3733905579399,62,46.4377682403433,282,32.1888412017167,158,18.5185185185185,215,48.2853223593964,240,33.196159122085,114
2025,"DePaul",15.5287260616153,335,45.8784346378018,292,38.5928393005828,33,16.49652919559,314,53.7362188648428,38,29.7672519395672,255
2025,"Delaware",17.4712643678161,275,48.735632183908,205,33.7931034482759,110,18.864400448263,187,53.1191632424356,49,28.0164363093015,311
2025,"Delaware St.",21.2244897959184,69,61.0204081632653,2,17.7551020408163,363,21.6348507097406,45,48.2623592755751,241,30.1027900146843,238
2025,"Denver",18.8818048062776,184,51.397743992153,120,29.7204512015694,228,25.1220594762539,5,48.1136262760763,245,26.7643142476698,336
2025,"Detroit Mercy",18.8807785888078,185,55.8637469586375,24,25.2554744525547,328,21.8434343434343,41,42.4242424242424,355,35.7323232323232,43
2025,"Drake",22.018779342723,40,49.9530516431925,168,28.0281690140845,276,19.9784017278618,122,51.1879049676026,113,28.8336933045356,287
2025,"Drexel",13.9200718455321,356,53.8841490794791,60,32.1957790749888,157,16.913123844732,301,53.9741219963031,34,29.1127541589649,278
2025,"Duke",17.9943100995733,241,45.3058321479374,309,36.6998577524893,59,16.9596199524941,297,50.2612826603325,153,32.7790973871734,124
2025,"Duquesne",16.2340726757905,317,46.8145351580934,268,36.9513921661161,55,22.1327014218009,38,47.8672985781991,254,30,240
2025,"East Carolina",20.958605664488,77,52.1132897603486,96,26.9281045751634,305,18.3326058489742,229,49.5853339153208,185,32.0820602357049,152
2025,"East Tennessee St.",18.0251513740102,240,46.4834653004192,280,35.4913833255706,74,18.6356895699456,200,47.256549678695,269,34.1077607513594,87
2025,"East Texas A&M",15.4887218045113,340,45.4135338345865,302,39.0977443609023,23,19.0004308487721,178,51.7880224041362,96,29.2115467470918,275
2025,"Eastern Illinois",20.5733558178752,90,53.9629005059022,56,25.4637436762226,324,21.6573462125064,44,42.8063040162684,352,35.5363497712252,48
2025,"Eastern Kentucky",16.8191721132898,297,46.1873638344227,287,36.9934640522876,54,17.6987263943786,264,51.207729468599,112,31.0935441370224,189
2025,"Eastern Michigan",18.9700704225352,178,50,166,31.0299295774648,193,21.0790464240903,64,46.6750313676286,287,32.2459222082811,144
2025,"Eastern Washington",19.0704360325827,172,52.0364159080019,98,28.8931480594154,249,21.1446046308432,62,48.0559196155526,249,30.7994757536042,210
2025,"Elon",22.6379794200187,25,45.6501403180543,299,31.711880261927,175,15.515610217597,335,46.7360454115421,285,37.7483443708609,18
2025,"Evansville",18.3440753594447,219,51.165096678235,126,30.4908279623203,208,20.2800361336947,108,43.2700993676603,347,36.449864498645,32
2025,"FIU",21.5676959619952,55,56.3420427553444,18,22.0902612826603,358,20.9549071618037,73,48.8063660477454,224,30.2387267904509,234
2025,"Fairfield",16.7311411992263,303,50.7736943907157,144,32.495164410058,150,18.2017543859649,237,51.4035087719298,105,30.3947368421053,229
2025,"Fairleigh Dickinson",18.9687795648061,179,47.9659413434248,229,33.0652790917692,128,18.6015239802779,207,55.311519497983,19,26.0869565217391,342
2025,"Florida",17.5275482093664,272,47.6584022038568,241,34.8140495867769,88,20.4757858963466,90,50.4672897196262,141,29.0569243840272,280
2025,"Florida A&M",20.5513784461153,91,42.6065162907268,348,36.8421052631579,56,21.2409420289855,55,50.0905797101449,164,28.6684782608696,293
2025,"Florida Atlantic",17.9271708683473,249,49.5398159263706,184,32.5330132052821,148,19.9260476581758,128,48.6442070665571,229,31.429745275267,171
2025,"Florida Gulf Coast",12.9348795718109,364,53.8804638715433,61,33.1846565566459,125,17.273146015661,283,44.8641179180101,327,37.8627360663289,17
2025,"Florida St.",21.779269827948,46,53.545950482585,67,24.6747796894671,340,21.9922380336352,39,45.5368693402329,317,32.470892626132,134
2025,"Fordham",19.6086771586559,139,47.4691620586984,250,32.9221607826457,132,20.9394904458599,74,53.7420382165605,37,25.3184713375796,348
2025,"Fresno St.",21.4412024756852,58,50.3094606542882,157,28.2493368700265,270,13.5553834237026,358,51.1231603408211,117,35.3214562354764,50
2025,"Furman",18.7012987012987,198,39.2207792207792,362,42.0779220779221,5,17.8262846748522,257,50.3865393360618,148,31.7871759890859,158
2025,"Gardner Webb",19.4578049846961,150,55.094009619589,35,25.4481853957149,325,20.148637489678,114,51.6102394715112,99,28.2411230388109,303
2025,"George Mason",22.4578104716573,26,48.9831241886629,194,28.5590653396798,262,19.933237958989,127,43.2999523128278,346,36.7668097281831,30
2025,"George Washington",22.0360824742268,39,47.5945017182131,244,30.2835051546392,216,16.7279411764706,307,51.5625,102,31.7095588235294,161
2025,"Georgetown",15.2638464893153,344,54.7754034016572,42,29.9607501090275,221,18.346957311535,228,48.4105358764759,239,33.2425068119891,112
2025,"Georgia",21.3813068651778,61,50.9511993382961,135,27.6674937965261,295,19.2064923354373,161,48.6023444544635,231,32.1911632100992,148
2025,"Georgia Southern",14.5569620253165,350,46.8354430379747,267,38.6075949367089,32,23.5221674876847,15,46.7980295566502,283,29.679802955665,258
2025,"Georgia St.",18.7104930467762,197,53.6030341340076,66,27.6864728192162,293,15.6535558204211,333,50.1390544298768,160,34.207389749702,79
2025,"Georgia Tech",17.513424204874,273,52.1272201569599,95,30.359355638166,210,17.5313807531381,273,46.9456066945607,279,35.5230125523013,49
2025,"Gonzaga",18.1532004197272,232,56.4533053515215,17,25.3934942287513,326,17.9721496953873,249,50.3046127067015,151,31.7232375979112,160
2025,"Grambling St.",21.2819228843265,65,50.7761642463696,143,27.941912869304,285,19.1806331471136,164,49.5344506517691,188,31.2849162011173,179
2025,"Grand Canyon",23.9649681528662,9,52.3885350318471,87,23.6464968152866,349,20.0089726334679,119,51.861821444594,91,28.1292059219381,308
2025,"Green Bay",22.1965851407476,35,42.9164743885556,346,34.8869404706968,83,18.1745396317054,239,48.9191353082466,221,32.906325060048,120
2025,"Hampton",18.3996166746526,217,50.9822712026833,134,30.6181121226641,201,22.9392369288742,24,50.2119642016015,157,26.8487988695243,334
2025,"Harvard",15.7568936409679,328,52.335396736072,91,31.90770962296,165,15.1595744680851,343,55,24,29.8404255319149,249
2025,"Hawaii",22.6865671641791,23,50.7462686567164,146,26.5671641791045,312,20.2015355086372,111,52.3032629558541,73,27.4952015355086,321
2025,"High Point",20.3059273422562,102,49.4072657743786,185,30.2868068833652,215,20.691182986265,80,50.5981391227293,132,28.7106778910058,290
2025,"Hofstra",15.5077538769385,339,48.024012006003,226,36.4682341170585,62,22.4299065420561,32,42.8922774225283,350,34.6778160354156,67
2025,"Holy Cross",13.0286825473991,363,46.8643655809431,266,40.1069518716578,11,14.0144665461121,357,54.5207956600362,27,31.4647377938517,167
2025,"Houston",16.5279429250892,311,50.8917954815696,138,32.5802615933413,146,21.2273641851107,56,43.7625754527163,341,35.010060362173,62
2025,"Houston Christian",17.6197836166924,269,46.3678516228748,285,36.0123647604328,69,16.4043872198379,318,59.1320934668574,2,24.4635193133047,354
2025,"Howard",20.226843100189,106,48.2986767485822,218,31.4744801512287,183,23.1858407079646,19,51.858407079646,92,24.9557522123894,351
2025,"IU Indy",20.2000952834683,109,38.4945212005717,363,41.30538351596,7,18.7012987012987,199,48.8311688311688,223,32.4675324675325,135
2025,"Idaho",19.8210290827741,128,41.5212527964206,358,38.6577181208054,30,18.6105263157895,206,49.9368421052632,169,31.4526315789474,169
2025,"Idaho St.",21.0877373011801,72,50.5900461775269,153,28.322216521293,268,17.3600410888546,281,50.4365690806369,144,32.2033898305085,147
2025,"Illinois",20.0650759219089,115,46.4208242950108,283,33.5140997830803,115,16.7749796913079,306,56.5393988627132,9,26.6856214459789,337
2025,"Illinois Chicago",19.8697068403909,125,48.5807352256864,212,31.5495579339228,179,17.9029304029304,252,53.1135531135531,51,28.9835164835165,284
2025,"Illinois St.",16.9811320754717,294,44.0251572327044,335,38.9937106918239,26,17.9586563307494,250,46.2532299741602,301,35.7881136950904,42
2025,"Incarnate Word",15.5180961824492,337,52.3549826474963,90,32.1269211700545,160,19.1499755740107,167,54.323400097704,29,26.5266243282853,339
2025,"Indiana",18.5851820845542,206,55.9229803264964,21,25.4918375889494,323,17.7440347071584,261,50.7592190889371,126,31.4967462039046,166
2025,"Indiana St.",19.8395947657239,127,41.5365132967497,357,38.6238919375264,31,20.3355155482815,102,49.5908346972177,184,30.0736497545008,239
2025,"Iona",16.7159138877163,304,54.2845082313212,49,28.9995778809624,247,20.3672787979967,100,46.0767946577629,306,33.5559265442404,101
2025,"Iowa",13.8868479059515,357,50.6245407788391,151,35.4886113152094,75,15.4752851711027,337,53.384030418251,45,31.1406844106464,187
2025,"Iowa St.",21.078431372549,73,50.3016591251885,158,28.6199095022624,260,18.2546749777382,235,47.5512021371327,265,34.1941228851291,81
2025,"Jackson St.",22.2817133443163,30,50.9060955518946,136,26.8121911037891,307,17.5936883629191,271,47.7317554240631,259,34.6745562130178,68
2025,"Jacksonville",16.1064425770308,320,52.3809523809524,88,31.5126050420168,181,19.2433442316674,159,49.2293320878094,205,31.5273236805231,164
2025,"Jacksonville St.",19.599818099136,141,50.6593906321055,148,29.7407912687585,227,16.5044042651831,313,46.3606861381548,296,37.134909596662,22
2025,"James Madison",18.6721991701245,199,43.9834024896266,337,37.344398340249,47,19.0654205607477,173,51.214953271028,110,29.7196261682243,257
2025,"Kansas",13.9960238568588,355,56.779324055666,13,29.2246520874751,238,18.0664916885389,247,48.4689413823272,235,33.4645669291339,103
2025,"Kansas City",19.7046843177189,136,44.0936863543788,333,36.2016293279022,67,20.0490196078431,118,49.5098039215686,189,30.4411764705882,225
2025,"Kansas St.",15.875053487377,324,51.5190415062045,117,32.6059050064185,145,17.67522855899,265,53.9834566826295,33,28.3413147583805,301
2025,"Kennesaw St.",22.3529411764706,29,44.7963800904977,320,32.8506787330317,139,23.4684684684685,16,46.9369369369369,280,29.5945945945946,261
2025,"Kent St.",18.8804975566415,186,52.3322967569969,92,28.7872056863616,254,23.3160621761658,17,45.5958549222798,316,31.0880829015544,190
2025,"Kentucky",19.1119005328597,168,47.1047957371226,259,33.7833037300178,111,18.1322957198444,240,49.1828793774319,209,32.6848249027237,128
2025,"LIU",17.4384236453202,276,56.256157635468,19,26.3054187192118,316,25.4245511887433,4,45.6089277049976,314,28.9665211062591,285
2025,"LSU",18.4934405416843,211,49.7672450275074,178,31.7393144308083,171,17.7070063694268,262,52.7388535031847,61,29.5541401273885,262
2025,"La Salle",19.7971781305115,132,51.7636684303351,109,28.4391534391534,265,16.5494414563508,312,50.5585436491518,135,32.8920148944973,121
2025,"Lafayette",17.3732718894009,281,48.7557603686636,203,33.8709677419355,108,16.4199192462988,317,49.7981157469717,176,33.7819650067295,93
2025,"Lamar",17.6470588235294,265,51.8042511122096,105,30.548690064261,202,19.761075161772,136,49.1786958685913,210,31.0602289696366,195
2025,"Le Moyne",20.6209453197405,88,48.1000926784059,223,31.2789620018536,190,19.8198198198198,135,46.5192465192465,291,33.6609336609337,99
2025,"Lehigh",17.2646905876235,286,49.8179927197088,173,32.9173166926677,134,19.8714780029659,131,52.990608007909,53,27.1379139891251,327
2025,"Liberty",14.7505422993492,347,43.9913232104121,336,41.2581344902386,8,17.3891380169407,276,56.6018933731938,8,26.0089686098655,343
2025,"Lindenwood",21.5714982918497,53,54.2703757930698,51,24.1581259150805,343,19.4519317160827,149,49.685534591195,180,30.8625336927224,206
2025,"Lipscomb",18.2622687047466,225,43.6041834271923,339,38.1335478680611,37,13.330258302583,360,55.8118081180812,16,30.8579335793358,207
2025,"Little Rock",17.1455487517664,290,55.016486104569,36,27.8379651436646,290,22.4976167778837,31,42.8979980934223,349,34.604385128694,70
2025,"Long Beach St.",21.4068825910931,60,47.165991902834,258,31.4271255060729,185,19.5680916703394,145,48.0387836051124,250,32.3931247245483,136
2025,"Longwood",24.2792792792793,7,50.990990990991,133,24.7297297297297,338,19.0217391304348,177,50.5434782608696,138,30.4347826086957,226
2025,"Louisiana",19.1622532498796,162,49.2055849783341,189,31.6321617717862,178,23.7526652452026,13,50.4051172707889,146,25.8422174840085,344
2025,"Louisiana Monroe",19.7076612903226,135,50.8064516129032,141,29.4858870967742,233,14.2547660311958,354,48.9601386481802,220,36.7850953206239,29
2025,"Louisiana Tech",20.0096432015429,120,47.7338476374156,237,32.2565091610415,156,18.8960716061661,184,50.5221282943809,139,30.581800099453,217
2025,"Louisville",19.3862275449102,155,44.685628742515,323,35.9281437125749,71,16.3038839095177,321,49.5091762697396,190,34.1869398207426,82
2025,"Loyola Chicago",16.6738474795347,306,48.685911245153,208,34.6402412753124,92,19.7106690777577,139,47.1971066907776,273,33.0922242314647,116
2025,"Loyola MD",16.7313288069835,302,50.8244422890398,140,32.4442289039767,152,17.5219602404068,274,53.0744336569579,52,29.4036061026352,267
2025,"Loyola Marymount",17.2477064220184,288,49.7247706422018,180,33.0275229357798,129,18.3974932855864,226,52.1933751119069,80,29.4091316025067,266
2025,"Maine",16.5760869565217,310,54.8913043478261,38,28.5326086956522,264,17.1627906976744,289,53.1162790697674,50,29.7209302325581,256
2025,"Manhattan",19.0237226277372,174,46.6240875912409,275,34.3521897810219,100,15.7116451016636,332,49.815157116451,173,34.3807763401109,75
2025,"Marist",13.6937847397676,358,55.6846892369884,26,30.6215260232441,200,20.3722854188211,99,49.2244053774561,206,30.4033092037229,228
2025,"Marquette",15.3330705557745,343,48.0094599921167,227,36.6574694521088,60,18.0813439434129,244,50.7515473032714,128,31.1671087533156,186
2025,"Marshall",19.3868739205527,154,49.6545768566494,182,30.9585492227979,195,22.7070347284061,28,52.4487978628673,66,24.8441674087266,353
2025,"Maryland",18.7755102040816,192,51.2801484230056,124,29.9443413729128,222,16.9154228855721,300,53.9122568973315,35,29.1723202170963,276
2025,"Maryland Eastern Shore",20.6553540081919,87,48.8004681100059,198,30.5441778818022,203,20.7362534948742,77,52.2833178005592,77,26.9804287045666,330
2025,"Massachusetts",20.2047174009791,108,55.896751223854,22,23.8985313751669,347,20.9629314017895,71,47.4648487430763,267,31.5722198551342,162
2025,"McNeese",19.1434689507495,164,51.0492505353319,130,29.8072805139186,226,18.9733266230498,179,42.6774031202818,353,38.3492702566683,12
2025,"Memphis",20.5137614678899,94,51.5229357798165,115,27.9633027522936,284,19.7590361445783,137,47.710843373494,260,32.5301204819277,132
2025,"Mercer",16.5864332603939,309,50.8533916849015,139,32.5601750547046,147,18.8023450586265,191,42.8810720268007,351,38.3165829145729,13
2025,"Mercyhurst",20.4125950054289,99,47.6655808903366,240,31.9218241042345,164,19.8606271777003,132,49.079143852663,216,31.0602289696366,195
2025,"Merrimack",15.1892890120037,345,48.3841181902124,216,36.4265927977839,63,18.6320754716981,201,52.0754716981132,83,29.2924528301887,273
2025,"Miami FL",16.2598081952921,316,54.5771578029643,44,29.1630340017437,241,15.72,331,49.36,199,34.92,64
2025,"Miami OH",15.5207076799357,336,45.9991958182549,290,38.4800965018094,35,18.8486140724947,190,49.2963752665245,200,31.8550106609808,157
2025,"Michigan",18.9402480270575,182,49.379932356257,186,31.6798196166855,177,18.3319570602808,230,49.4632535094963,192,32.204789430223,146
2025,"Michigan St.",22.4117875145405,27,54.6723536254362,43,22.9158588600233,356,20.5497972059486,85,49.5718792248761,186,29.8783235691753,247
2025,"Middle Tennessee",17.7440347071584,260,51.8004338394794,106,30.4555314533623,209,18.9249222567748,181,52.9542425588627,56,28.1208351843625,309
2025,"Milwaukee",20.1304347826087,113,56.5217391304348,15,23.3478260869565,354,18.7040441176471,198,50.5514705882353,136,30.7444852941176,213
2025,"Minnesota",17.3094582185491,283,53.9026629935721,58,28.7878787878788,253,19.6772747646795,142,51.8153294486777,93,28.5073957866428,297
2025,"Mississippi",20.4554377699254,96,47.5068708284256,246,32.037691401649,161,21.588508660752,47,44.7824250105619,328,33.4600760456274,105
2025,"Mississippi St.",17.629179331307,268,50.6838905775076,147,31.6869300911854,176,19.1663261136085,165,43.5635472006539,344,37.2701266857376,21
2025,"Mississippi Valley St.",19.3951347797502,153,55.3583168967784,30,25.2465483234714,329,18.3989941324392,225,51.0477787091366,119,30.5532271584241,219
2025,"Missouri",23.2149264442052,17,45.3534266236096,305,31.4316469321851,184,20.9684037751334,68,49.2408699220353,203,29.7907263028313,254
2025,"Missouri St.",18.0335968379447,239,49.802371541502,176,32.1640316205534,159,19.9721964782206,123,48.7488415199259,226,31.2789620018536,180
2025,"Monmouth",22.404136148212,28,47.4795346833262,249,30.1163291684619,219,20.627261761158,81,47.0446320868516,278,32.3281061519903,140
2025,"Montana",19.3244976485678,157,51.8170158187259,104,28.8584865327063,251,18.4017278617711,224,53.9956803455724,32,27.6025917926566,319
2025,"Montana St.",17.9566563467492,245,47.6780185758514,238,34.3653250773994,99,20.1502430402121,113,56.3853292090146,10,23.4644277507733,359
2025,"Morehead St.",21.6025988088793,52,51.1099079588522,127,27.2874932322685,299,20.5925925925926,82,52.4444444444444,67,26.962962962963,331
2025,"Morgan St.",20.8626347866854,79,62.5410220346929,1,16.5963431786217,364,20.4143288735434,94,50.841605524385,123,28.7440656020716,289
2025,"Mount St. Mary's",18.1778552746295,230,47.4280732345248,251,34.3940714908457,98,17.0488965815664,293,46.7330160103851,286,36.2180874080485,33
2025,"Murray St.",23.1620903454384,18,45.3498671390611,306,31.4880425155004,182,20.445434298441,91,55.5011135857461,18,24.0534521158129,356
2025,"N.C. State",19.5088044485635,145,51.436515291937,119,29.0546802594995,243,19.4228126431516,152,54.0540540540541,30,26.5231333027943,340
2025,"NJIT",18.0584551148225,238,50.6263048016701,150,31.3152400835073,188,20.9648331830478,70,53.2010820559062,47,25.834084761046,345
2025,"Navy",20.4928664072633,95,48.7678339818418,200,30.7392996108949,196,18.468085106383,219,48.0851063829787,246,33.4468085106383,106
2025,"Nebraska",20.7103123662816,83,50.4065040650407,156,28.8831835686778,250,15.759185480301,330,45.0641876936698,323,39.1766268260292,7
2025,"Nebraska Omaha",19.935691318328,124,48.2315112540193,219,31.8327974276527,168,20.3208556149733,104,44.5084327437269,332,35.1707116412999,54
2025,"Nevada",19.6144174350377,138,51.7183570829841,111,28.6672254819782,257,20.9964412811388,66,42.1708185053381,356,36.8327402135231,28
2025,"New Hampshire",15.4596815613765,341,49.7175141242938,181,34.8228043143297,87,17.6521363832542,267,51.5321536469573,103,30.8157099697885,208
2025,"New Mexico",20.2813599062134,103,53.9273153575615,57,25.7913247362251,319,19.1611479028698,166,48.9183222958057,222,31.9205298013245,155
2025,"New Mexico St.",20.162932790224,110,50.20366598778,159,29.6334012219959,229,22.7575602255254,27,46.0276781137878,307,31.2147616606868,185
2025,"New Orleans",19.8099762470309,130,55.6769596199525,28,24.5130641330166,341,14.8669796557121,348,49.2175273865415,207,35.9154929577465,38
2025,"Niagara",17.7546983184965,258,46.7853610286845,270,35.459940652819,76,18.10144253141,242,49.232201023732,204,32.6663564448581,129
2025,"Nicholls",19.1115224433133,169,48.4035168903286,215,32.4849606663582,151,20.9669920966992,69,51.1390051139005,115,27.8940027894003,314
2025,"Norfolk St.",21.8776916451335,45,58.7424633936262,6,19.3798449612403,361,19.936421435059,126,45.0499545867393,324,35.0136239782016,61
2025,"North Alabama",17.2607128554265,287,53.6643972767321,62,29.0748898678414,242,16.1020677518698,323,48.6581610206775,228,35.2397712274527,53
2025,"North Carolina",19.1654879773692,161,51.5558698727016,113,29.2786421499293,237,18.4451219512195,222,50.2286585365854,156,31.3262195121951,176
2025,"North Carolina A&T",18.9458689458689,180,52.4216524216524,84,28.6324786324786,258,18.0788590604027,246,51.3422818791946,107,30.5788590604027,218
2025,"North Carolina Central",21.7715617715618,47,51.3752913752914,121,26.8531468531469,306,21.7410323709536,43,55.2930883639545,20,22.9658792650919,361
2025,"North Dakota",19.1433566433566,165,49.1258741258741,191,31.7307692307692,172,17.8904665314402,254,49.2494929006085,202,32.8600405679513,123
2025,"North Dakota St.",18.1119179837676,235,36.9073045706963,364,44.9807774455361,2,15.6009070294785,334,51.3378684807256,108,33.0612244897959,117
2025,"North Florida",13.673805601318,359,40.3624382207578,360,45.9637561779242,1,17.2373540856031,286,57.431906614786,5,25.3307392996109,347
2025,"North Texas",21.5695952615992,54,48.0750246791708,224,30.35538005923,211,24.0863787375415,10,48.1727574750831,244,27.7408637873754,317
2025,"Northeastern",15.8716005349978,325,55.10477039679,34,29.0236290682122,244,17.3620457604307,280,52.7590847913863,60,29.878869448183,245
2025,"Northern Arizona",16.3167938931298,313,50.763358778626,145,32.9198473282443,133,18.7411263606247,196,50.7335541883578,130,30.5253194510175,220
2025,"Northern Colorado",17.5303643724696,271,52.4696356275304,82,30,220,20.1998262380539,112,52.3023457862728,74,27.4978279756733,320
2025,"Northern Illinois",19.1737288135593,160,39.5127118644068,361,41.3135593220339,6,22.8212039532794,26,46.1814914645103,303,30.9973045822102,199
2025,"Northern Iowa",17.9725542275343,244,52.4125719344843,85,29.6148738379814,230,16.1736641221374,322,47.9007633587786,253,35.925572519084,37
2025,"Northern Kentucky",17.4131627056673,278,49.8171846435101,174,32.7696526508227,142,17.1058508262617,290,47.7891916033944,257,35.1049575703439,55
2025,"Northwestern",18.744769874477,195,53.3891213389121,68,27.8661087866109,288,21.5600350569676,49,47.1516213847502,274,31.2883435582822,178
2025,"Northwestern St.",18.7659357470678,194,49.8725140234574,172,31.3615502294748,187,19.0338164251208,176,45.8937198067633,310,35.0724637681159,57
2025,"Notre Dame",18.523153942428,210,50.0625782227785,164,31.4142678347935,186,18.0602006688963,248,50.8361204013378,124,31.1036789297659,188
2025,"Oakland",18.0919639020198,236,50.1933820369575,160,31.7146540610228,174,16.5687919463087,311,47.5671140939597,264,35.8640939597315,40
2025,"Ohio",19.3798449612403,156,48.796409628723,199,31.8237454100367,169,19.6912807676262,141,52.1485189820609,81,28.1602002503129,307
2025,"Ohio St.",20.0237906423473,119,48.9294210943695,196,31.0467882632831,192,23.5869103272418,14,49.3837654058649,198,27.0293242668933,329
2025,"Oklahoma",22.2521137586472,32,44.8885472713297,315,32.8593389700231,137,20.3238866396761,103,49.7975708502024,177,29.8785425101215,246
2025,"Oklahoma St.",23.7623762376238,10,49.2466637968145,188,26.9909599655618,303,19.4444444444444,150,46.2418300653595,302,34.3137254901961,77
2025,"Old Dominion",20.1079622132254,114,52.361673414305,89,27.5303643724696,298,19.1843528922181,162,52.2679983354141,79,28.4644194756554,299
2025,"Oral Roberts",20.995670995671,74,41.6666666666667,355,37.3376623376623,48,21.1538461538462,59,48.5928705440901,232,30.2532833020638,233
2025,"Oregon",19.6023856858847,140,50.0994035785288,161,30.2982107355865,214,16.9158479282358,299,52.9688167449808,54,30.1153353267834,237
2025,"Oregon St.",21.942905837239,42,49.936088623775,169,28.1210055389859,272,18.5807656395892,210,47.2455648926237,271,34.1736694677871,84
2025,"Pacific",20.0094831673779,121,51.9677572309151,101,28.022759601707,279,21.1779448621554,58,47.3684210526316,268,31.453634085213,168
2025,"Penn",16.9329073482428,295,46.6453674121406,274,36.4217252396166,64,15.844901866922,328,49.1144088080421,214,35.0406893250359,60
2025,"Penn St.",20.9624796084829,76,51.8760195758564,103,27.1615008156607,300,17.0484581497797,294,50.5726872246696,133,32.3788546255507,137
2025,"Pepperdine",18.5579680458828,208,52.4375256042605,83,29.0045063498566,246,16.3109756097561,320,51.905487804878,90,31.7835365853659,159
2025,"Pittsburgh",20.3871499176277,100,46.8698517298188,265,32.7429983525535,143,18.9236876929863,182,46.934274371416,281,34.1420379355977,86
2025,"Portland",20.0371920037192,118,44.8163644816364,319,35.1464435146444,79,13.0595482546201,361,50.1026694045175,162,36.8377823408624,27
2025,"Portland St.",17.7318596828448,261,57.4723690533397,11,24.7957712638155,335,20.3793774319066,98,50,166,29.6206225680934,260
2025,"Prairie View A&M",19.4942528735632,147,53.8850574712644,59,26.6206896551724,311,20.102080879466,115,55.0451511582254,23,24.8527679623086,352
2025,"Presbyterian",17.2043010752688,289,52.8836754643206,76,29.9120234604106,224,21.1100569259962,63,51.9924098671727,87,26.8975332068311,332
2025,"Princeton",14.4697720515362,352,42.7155599603568,347,42.814667988107,3,18.1952662721894,238,48.5207100591716,233,33.2840236686391,111
2025,"Providence",16.2943495400788,315,44.6780551905388,325,39.0275952693824,25,19.3965517241379,154,50.3448275862069,150,30.2586206896552,232
2025,"Purdue",18.3268482490272,221,49.8054474708171,175,31.8677042801556,166,17.7749360613811,260,51.150895140665,114,31.074168797954,194
2025,"Purdue Fort Wayne",16.6316673666527,308,44.6871062578748,322,38.6812263754725,29,17.2564438619484,284,52.3372651813019,72,30.4062909567497,227
2025,"Queens",18.2011935208866,228,45.8653026427963,294,35.9335038363171,70,17.8920526986825,253,50.7437314067148,129,31.3642158946026,174
2025,"Quinnipiac",19.7635135135135,133,52.1114864864865,97,28.125,271,16.8325400259628,304,49.4158372998702,196,33.751622674167,96
2025,"Radford",23.4817813765182,12,47.5033738191633,247,29.0148448043185,245,21.4447978191731,51,45.4338936846888,319,33.1213084961381,115
2025,"Rhode Island",21.218668971478,70,49.6110630942092,183,29.1702679343129,240,18.5365853658537,214,50.4656319290466,142,30.9977827050998,198
2025,"Rice",23.3379183860614,14,46.1256304447501,288,30.5364511691884,204,21.1467889908257,61,49.5412844036697,187,29.3119266055046,272
2025,"Richmond",19.8577958354495,126,44.794311833418,321,35.3478923311326,77,20.303169499311,105,40.6982085438677,361,38.9986219568213,8
2025,"Rider",18.3175033921303,222,57.5305291723202,10,24.1519674355495,344,15.0632911392405,344,49.873417721519,170,35.0632911392405,58
2025,"Robert Morris",21.2312549329124,68,49.171270718232,190,29.5974743488556,231,17.7901023890785,259,52.3890784982935,70,29.820819112628,251
2025,"Rutgers",20.446247464503,97,51.4401622718053,118,28.1135902636917,273,16.7203867848509,308,51.9742143432716,88,31.3053988718775,177
2025,"SIUE",18.6496694995279,201,50.6137865911237,152,30.7365439093484,197,19.7155468366846,138,48.0627758705248,247,32.2216772927906,145
2025,"SMU",19.4623248769406,149,51.3441878076486,122,29.1934873154108,239,20.2386024712399,109,46.016190881977,308,33.7452066467831,97
2025,"Sacramento St.",18.1818181818182,229,46.053347849755,289,35.7648339684268,72,20.3477443609023,101,43.1390977443609,348,36.5131578947368,31
2025,"Sacred Heart",15.9450457951707,321,45.8784346378018,292,38.0932556203164,39,16.4807930607187,316,46.5923172242875,289,36.9268897149938,24
2025,"Saint Francis",14.3627450980392,354,50.7843137254902,142,34.8529411764706,85,17.2413793103448,285,49.0018148820327,219,33.7568058076225,95
2025,"Saint Joseph's",18.7353629976581,196,44.2622950819672,330,37.0023419203747,53,17.0595799399914,291,53.493356193742,43,29.4470638662666,264
2025,"Saint Louis",15.5096660808436,338,44.5518453427065,327,39.9384885764499,14,15.2320865254619,340,50.5633168093736,134,34.2045966651645,80
2025,"Saint Mary's",17.6746166950596,263,55.8773424190801,23,26.4480408858603,314,16.8533604887984,302,56.7209775967413,6,26.4256619144603,341
2025,"Saint Peter's",22.2286374133949,33,45.3810623556582,303,32.3903002309469,154,22.50139586823,30,47.6828587381351,262,29.8157453936348,252
2025,"Sam Houston St.",20.6146572104019,89,44.9172576832151,314,34.468085106383,96,18.4257602862254,223,47.2271914132379,272,34.3470483005367,76
2025,"Samford",16.1854412362749,318,44.1642944286295,332,39.6502643350956,17,21.5592334494774,50,44.5993031358885,331,33.8414634146341,92
2025,"San Diego",20.0445434298441,116,52.0267260579065,100,27.9287305122494,286,23.859649122807,11,44.9122807017544,326,31.2280701754386,184
2025,"San Diego St.",17.4234945705824,277,51.0365251727542,131,31.5399802566634,180,22.3118279569892,36,40.752688172043,360,36.9354838709677,23
2025,"San Francisco",19.121871153057,167,47.0250307755437,262,33.8530980713993,109,20.5763169743359,83,55.110310670869,22,24.3133723547951,355
2025,"San Jose St.",18.619153674833,203,46.5033407572383,279,34.8775055679287,84,16.0237388724036,324,56.6341670199237,7,27.3420941076727,323
2025,"Santa Clara",15.916955017301,322,44.0599769319493,334,40.0230680507497,12,18.8760188760189,186,51.1368511368511,116,29.98712998713,241
2025,"Seattle",24.4789142026175,5,47.8914202617547,232,27.6296655356277,296,20.551996057171,84,50.7639231148349,125,28.6840808279941,291
2025,"Seton Hall",19.5939086294416,142,54.8223350253807,41,25.5837563451777,322,20.8370436331256,76,43.900267141585,338,35.2626892252894,52
2025,"Siena",21.8952834270878,44,47.0791864993509,260,31.0255300735612,194,18.5522323363676,213,53.7494581707846,36,27.6983094928479,318
2025,"South Alabama",18.9873417721519,176,46.4135021097046,284,34.5991561181435,94,14.867617107943,347,33.5030549898167,364,51.6293279022403,1
2025,"South Carolina",24.0483654276758,8,47.2010747872817,256,28.7505597850425,256,17.3665791776028,278,53.6307961504812,41,29.002624671916,282
2025,"South Carolina St.",22.8609039052216,20,51.0750329091707,129,26.0640631856077,318,24.6505125815471,6,51.4445479962721,104,23.9049394221808,358
2025,"South Dakota",24.4567364677993,6,48.755432635322,204,26.7878308968787,308,18.7139006546015,197,50.2117828263381,158,31.0743165190605,193
2025,"South Dakota St.",17.9755671902269,242,50.087260034904,163,31.9371727748691,162,18.2820395039045,231,43.8217730822232,339,37.8961874138723,16
2025,"South Florida",20.1318681318681,112,51.2527472527473,125,28.6153846153846,261,21.2756849315068,54,49.0582191780822,217,29.666095890411,259
2025,"Southeast Missouri",16.789667896679,299,53.0442804428044,73,30.1660516605166,218,24.5791245791246,7,52.9100529100529,58,22.5108225108225,363
2025,"Southeastern Louisiana",20.8235844642022,81,54.4688816097333,47,24.7075339260646,339,19.2725555030704,158,47.1421823334908,275,33.5852621634388,100
2025,"Southern",20.9188660801564,78,52.9814271749756,74,26.099706744868,317,23.0769230769231,22,45.6575682382134,313,31.2655086848635,182
2025,"Southern Illinois",18.3646112600536,218,53.6193029490617,64,28.0160857908847,281,18.5042735042735,216,48.034188034188,251,33.4615384615385,104
2025,"Southern Indiana",19.138019497178,166,51.0005130836326,132,29.8614674191893,225,18.9343482397716,180,49.6669838249286,181,31.3986679352997,173
2025,"Southern Miss",19.6494464944649,137,52.6752767527675,79,27.6752767527675,294,19.8988195615514,129,50.2529510961214,155,29.8482293423272,248
2025,"Southern Utah",21.9786096256685,41,53.1550802139037,71,24.8663101604278,334,18.4535104364326,220,58.9184060721063,3,22.6280834914611,362
2025,"St. Bonaventure",18.4377838328792,216,54.8592188919164,40,26.7029972752044,310,15.2704643370034,339,45.3805648635711,320,39.3489707994256,6
2025,"St. John's",17.3019431988042,284,59.7159940209268,3,22.9820627802691,355,17.9464285714286,251,47.7678571428571,258,34.2857142857143,78
2025,"St. Thomas",18.584420719652,207,43.574535389482,340,37.841043890866,44,20.4834605597964,89,46.3104325699746,298,33.206106870229,113
2025,"Stanford",18.8044831880448,190,47.0734744707347,261,34.1220423412204,106,21.0390725633319,65,52.2971232288536,75,26.6638042078145,338
2025,"Stephen F. Austin",17.8906681391496,252,54.1137493097736,55,27.9955825510768,282,19.094184251158,170,49.408131755018,197,31.497683993824,165
2025,"Stetson",19.5610687022901,143,50.0954198473282,162,30.3435114503817,212,16.4902280130293,315,48.4527687296417,237,35.057003257329,59
2025,"Stonehill",18.1683168316832,231,43.960396039604,338,37.8712871287129,43,19.0879172543488,171,53.1264692054537,48,27.7856135401975,316
2025,"Stony Brook",19.8034398034398,131,46.8796068796069,264,33.3169533169533,120,15.040825096691,345,50.0214868929953,165,34.9376880103137,63
2025,"Syracuse",18.6282467532468,202,55.6818181818182,27,25.6899350649351,321,18.2774746687451,233,51.2081060015588,111,30.514419329696,221
2025,"TCU",18.8251618871415,187,54.1165587419056,54,27.0582793709528,302,17.0077307867212,296,50.1136880400182,161,32.8785811732606,122
2025,"Tarleton St.",24.7853463079565,3,54.9513451631368,37,20.2633085289067,360,25.4295532646048,3,43.7898870888562,340,30.780559646539,212
2025,"Temple",24.9377593360996,2,49.792531120332,177,25.2697095435685,327,20.2826267664173,106,51.0390689941812,120,28.6783042394015,292
2025,"Tennessee",19.952774498229,122,46.7532467532468,272,33.2939787485242,121,19.6920205319645,140,46.2902473168455,299,34.0177321511899,88
2025,"Tennessee Martin",20.0379867046534,117,42.9249762583096,345,37.037037037037,52,18.6247723132969,203,41.8943533697632,357,39.4808743169399,5
2025,"Tennessee St.",21.603856266433,51,53.2865907099036,70,25.1095530236635,330,21.6275984077842,46,49.4471472799646,195,28.9252543122512,286
2025,"Tennessee Tech",16.7608286252354,300,43.1261770244821,344,40.1129943502825,10,14.2664266426643,353,57.5157515751575,4,28.2178217821782,304
2025,"Texas",20.6599175103112,86,50.4686914135733,155,28.7964004499438,252,22.1498371335505,37,48.7785016286645,225,29.071661237785,279
2025,"Texas A&M",23.380992430614,13,48.3599663582843,217,28.2590412111018,269,21.9871205151794,40,39.9264029438822,362,38.0864765409384,14
2025,"Texas A&M Corpus Chris",17.7931034482759,256,58.4827586206897,7,23.7241379310345,348,21.398002853067,53,48.2168330955777,242,30.3851640513552,230
2025,"Texas Southern",17.9725759059745,243,51.3222331047992,123,30.7051909892262,198,20.7044264635888,79,45.5973346025702,315,33.698238933841,98
2025,"Texas St.",21.25,66,55.1785714285714,32,23.5714285714286,352,23.0872483221477,21,46.4429530201342,292,30.4697986577181,223
2025,"Texas Tech",17.0037453183521,292,45.0187265917603,312,37.9775280898876,41,19.5515695067265,146,53.2735426008969,46,27.1748878923767,325
2025,"The Citadel",17.8876678876679,253,47.4969474969475,248,34.6153846153846,93,18.2591295647824,234,48.424212106053,238,33.3166583291646,109
2025,"Toledo",20.9871589085072,75,56.5008025682183,16,22.5120385232745,357,14.8305084745763,349,52.6964560862866,62,32.4730354391371,133
2025,"Towson",16.8018018018018,298,50.9009009009009,137,32.2972972972973,155,17.5819104753115,272,50.2999538532533,152,32.1181356714352,151
2025,"Troy",21.5048975957257,57,46.5716829919858,278,31.9234194122885,163,18.2795698924731,232,49.4623655913978,193,32.258064516129,142
2025,"Tulane",20.2349869451697,105,49.0861618798956,192,30.6788511749347,199,19.9456029011786,125,45.5122393472348,318,34.5421577515866,71
2025,"Tulsa",18.8132474701012,188,48.7580496780129,202,32.4287028518859,153,19.182253153545,163,53.675511091779,39,27.1422357546759,326
2025,"UAB",19.0952910641453,170,56.8780126065999,12,24.0266963292547,345,16.9303797468354,298,53.6392405063291,40,29.4303797468354,265
2025,"UC Davis",23.5649546827795,11,48.036253776435,225,28.3987915407855,266,22.9254571026723,25,46.4135021097046,294,30.6610407876231,216
2025,"UC Irvine",22.1377101681345,38,49.8799039231385,171,27.982385908727,283,14.6430195543429,350,49.74988631196,178,35.6070941336971,46
2025,"UC Riverside",18.2092122255704,227,46.6637968144641,273,35.1269909599656,81,19.5902688860435,144,49.1677336747759,212,31.2419974391805,183
2025,"UC San Diego",18.5244587008821,209,41.5396952686447,356,39.9358460304731,15,19.0452511188463,175,43.659870711089,342,37.2948781700646,20
2025,"UC Santa Barbara",17.33561058924,282,41.6737830913749,354,40.9906063193851,9,20.216118865376,110,51.9585772174696,89,27.8253039171544,315
2025,"UCF",22.2009935040122,34,45.0133740924723,313,32.7856324035155,141,18.1164901664145,241,52.4962178517398,65,29.3872919818457,270
2025,"UCLA",17.9347826086957,248,52.5919732441472,81,29.4732441471572,234,20.3994293865906,95,44.5078459343795,333,35.09272467903,56
2025,"UMBC",16.6889781347613,305,49.9776885319054,167,33.3333333333333,119,15.2266894781865,341,55.7741659538067,17,28.9991445680068,283
2025,"UMass Lowell",18.2683590208522,224,55.2130553037171,31,26.5185856754306,313,14.544630720435,351,54.7349342999547,25,30.7204349796103,214
2025,"UNC Asheville",19.2847442281575,158,52.8746038931643,77,27.8406518786781,289,20.8801077682982,75,48.6753480017961,227,30.4445442299057,224
2025,"UNC Greensboro",17.8256611165524,254,44.8579823702253,317,37.3163565132223,49,20.5023065094823,87,46.1301896463352,304,33.3675038441825,107
2025,"UNC Wilmington",21.4082214082214,59,51.6076516076516,112,26.984126984127,304,16.8378740509156,303,47.2532380527021,270,35.9088878963823,39
2025,"UNLV",20.5251641137856,93,51.9037199124726,102,27.5711159737418,297,18.7722419928826,192,47.0640569395018,277,34.1637010676157,85
2025,"USC",19.9448167126527,123,52.0299566417028,99,28.0252266456445,278,20.0722601364914,117,50.9032517061421,122,29.0244881573665,281
2025,"USC Upstate",17.1102661596958,291,55.7984790874525,25,27.0912547528517,301,20.2822580645161,107,49.5967741935484,183,30.1209677419355,236
2025,"UT Arlington",18.9418989135569,181,45.9140292867265,291,35.1440717997166,80,19.9908925318761,121,50.0910746812386,163,29.9180327868852,243
2025,"UT Rio Grande Valley",13.5364635364635,360,47.3526473526474,254,39.1108891108891,22,17.7917068466731,258,54.0019286403086,31,28.2063645130183,306
2025,"UTEP",21.1908110642288,71,48.5700890764182,213,30.239099859353,217,21.4153561517114,52,47.641073080481,263,30.9435707678076,204
2025,"UTSA",18.7673772011121,193,42.1686746987952,351,39.0639481000927,24,23.0529595015576,23,47.7080551846907,261,29.2389853137517,274
2025,"Utah",18.5969281859693,205,47.6546284765463,242,33.7484433374844,112,19.3939393939394,155,47.0995670995671,276,33.5064935064935,102
2025,"Utah St.",19.0830721003135,171,48.1191222570533,221,32.7978056426332,140,20.0797872340426,116,45.2127659574468,321,34.7074468085106,66
2025,"Utah Tech",19.4891201513718,148,47.5875118259224,245,32.9233680227058,131,21.5694502727654,48,54.3852287033151,28,24.0453210239194,357
2025,"Utah Valley",22.1450282240556,37,54.2770299609205,50,23.5779418150239,351,19.2289609779031,160,52.2802068641279,78,28.490832157969,298
2025,"VCU",18.658197697499,200,44.3032949583168,329,37.0385073441842,51,22.6369365002424,29,49.1517207949588,213,28.2113427047988,305
2025,"VMI",22.854387656702,21,42.4300867888139,350,34.7155255544841,91,15.4966887417219,336,46.0927152317881,305,38.4105960264901,11
2025,"Valparaiso",21.7578629900905,48,47.7380439465748,236,30.5040930633348,206,18.8796680497925,185,52.3651452282158,71,28.7551867219917,288
2025,"Vanderbilt",19.7409733124019,134,49.7645211930926,179,30.4945054945055,207,20.9778520685332,67,48.0568324279147,248,30.965315503552,203
2025,"Vermont",17.95,246,46.8,269,35.25,78,16.8321747765641,305,50.5461767626614,137,32.6216484607746,130
2025,"Villanova",17.3895084675754,280,43.4531185460554,341,39.1573729863693,21,17.0184104176022,295,44.1850022451729,336,38.796587337225,10
2025,"Virginia",15.8707187650748,326,45.6343463579354,300,38.4949348769899,34,17.5947590079551,270,50.2573701450632,154,32.1478708469818,150
2025,"Virginia Tech",17.6683235427022,264,48.1699051061907,220,34.1617713511071,105,18.7526697992311,195,49.9786416061512,167,31.2686885946177,181
2025,"Wagner",19.2513368983957,159,47.8609625668449,233,32.8877005347594,136,22.3443223443223,35,44.6886446886447,329,32.967032967033,119
2025,"Wake Forest",21.6829919857524,49,54.4078361531612,48,23.9091718610864,346,20.4409738171796,92,44.0055121727147,337,35.5535140101057,47
2025,"Washington",19.047619047619,173,51.5406162464986,114,29.4117647058824,235,20.4216073781291,93,51.6469038208169,98,27.931488801054,312
2025,"Washington St.",16.6474432910419,307,49.9038831218762,170,33.4486735870819,117,18.600154679041,208,50.4253673627223,145,30.9744779582367,202
2025,"Weber St.",19.5342205323194,144,51.5209125475285,116,28.9448669201521,248,20.3904555314534,97,44.3383947939262,335,35.2711496746204,51
2025,"West Georgia",17.4126906050172,279,59.1244466305952,5,23.4628627643876,353,18.8583509513742,188,46.2579281183932,300,34.8837209302326,65
2025,"West Virginia",15.5891792755617,334,46.3090325538744,286,38.101788170564,38,20.4918032786885,88,51.5911282545805,101,27.917068466731,313
2025,"Western Carolina",17.9260893546608,250,43.3535576392719,342,38.7203530060673,28,19.8438217730822,133,46.3941203491043,295,33.7620578778135,94
2025,"Western Illinois",15.8261802575107,327,49.2489270386266,187,34.9248927038627,82,18.0799220272904,245,52.5341130604289,64,29.3859649122807,271
2025,"Western Kentucky",19.5,146,48.7272727272727,206,31.7727272727273,170,24.097995545657,9,43.5634743875278,345,32.3385300668151,139
2025,"Western Michigan",18.1531531531532,233,57.6576576576577,9,24.1891891891892,342,17.5953079178886,269,49.0992878089652,215,33.3054042731462,110
2025,"Wichita St.",20.7659574468085,82,58.2978723404255,8,20.936170212766,359,15.92082616179,325,51.8072289156626,94,32.2719449225473,141
2025,"William & Mary",19.4420226678291,152,40.5405405405405,359,40.0174367916303,13,19.3288020390824,157,47.9184367034834,252,32.7527612574342,126
2025,"Winthrop",22.8448275862069,22,49.0595611285266,193,28.0956112852665,275,20.7272727272727,78,48.4848484848485,234,30.7878787878788,211
2025,"Wisconsin",20.6810035842294,85,42.0071684587814,352,37.3118279569892,50,17.4847870182556,275,49.1683569979716,211,33.3468559837728,108
2025,"Wofford",16.3048105576841,314,44.8701575138357,316,38.8250319284802,27,19.5046439628483,148,43.609022556391,343,36.8863334807607,26
2025,"Wright St.",14.3881856540084,353,52.3206751054852,93,33.2911392405063,122,18.5940099833611,209,51.08153078203,118,30.324459234609,231
2025,"Wyoming",16.4625183733464,312,48.7016168544831,207,34.8358647721705,86,22.3996350364963,34,49.2700729927007,201,28.3302919708029,302
2025,"Xavier",21.505806968362,56,46.7761313576292,271,31.7180616740088,173,16.6225749559083,310,52.2927689594356,76,31.0846560846561,191
2025,"Yale",17.7248677248677,262,54.4973544973545,45,27.7777777777778,292,18.3704453441296,227,41.0931174089069,358,40.5364372469636,3
2025,"Youngstown St.",21.2378126324714,67,44.425604069521,328,34.3365832980076,102,20.5337925096857,86,52.60439087387,63,26.8618166164443,333
