"Season","TeamName","Tempo","RankTempo","AdjTempo","RankAdjTempo","OE","RankOE","AdjOE","RankAdjOE","DE","RankDE","AdjDE","RankAdjDE","AdjEM","RankAdjEM"
"2025","Abilene Christian",70.0679,72,69.3532,67,95.6706,346,97.6321,328,100.773,60,102.097,86,-4.4653,219
"2025","Air Force",64.6651,334,64.3671,324,95.3082,347,98.8987,312,113.105,335,111.465,272,-12.5666,310
"2025","Akron",72.4588,15,71.3707,16,115.754,22,113.689,66,104.558,145,107.109,183,6.57936,99
"2025","Alabama",76.2512,1,74.8553,1,118.725,9,126.511,4,106.121,176,96.58,32,29.9313,6
"2025","Alabama A&M",71.8121,20,70.9782,22,94.8255,352,92.0142,361,109.965,277,115.514,334,-23.5003,360
"2025","Alabama St.",69.0571,120,67.7458,142,103.998,228,101.41,270,104.201,129,110.647,256,-9.23716,273
"2025","Albany",68.3589,161,67.4508,162,106.374,169,103.231,235,107.778,218,112.286,285,-9.05466,270
"2025","Alcorn St.",66.2947,272,64.6263,315,98.3786,325,97.5926,331,108.655,244,112.173,281,-14.5802,325
"2025","American",63.6519,357,63.4752,349,104.618,215,102.054,252,105.086,160,108.032,205,-5.9781,237
"2025","Appalachian St.",63.822,354,63.1069,351,102.956,254,101.061,278,100.587,56,101.655,79,-0.594028,170
"2025","Arizona",70.2006,64,69.8563,54,115.408,27,122.54,12,102.537,88,96.8152,33,25.725,14
"2025","Arizona St.",69.9259,81,68.3681,112,104.136,227,112.493,78,107.936,224,101.255,75,11.2383,70
"2025","Arkansas",70.4614,54,69.332,68,107.931,138,112.929,73,100.726,58,95.2147,20,17.7146,40
"2025","Arkansas Pine Bluff",72.5224,14,71.349,17,96.803,338,95.0406,349,117.868,356,121.124,359,-26.0836,363
"2025","Arkansas St.",70.3458,56,69.7966,57,110.785,78,110.14,107,99.5262,33,102.208,89,7.93111,91
"2025","Army",67.601,195,67.5503,158,102.986,252,99.8047,297,110.57,289,114.311,317,-14.5067,324
"2025","Auburn",68.8568,135,67.5824,153,121.014,4,128.426,2,100.799,61,93.3789,12,35.0473,4
"2025","Austin Peay",66.9383,236,66.0575,243,103.528,241,101.81,259,111.909,313,111.054,262,-9.24415,274
"2025","Ball St.",68.2285,167,66.3566,225,107.122,155,103.418,233,109.461,261,112.755,303,-9.33747,275
"2025","Baylor",65.4265,311,64.5156,319,113.197,46,120.811,16,104.882,152,99.6657,58,21.1456,29
"2025","Bellarmine",67.1705,225,66.1435,236,104.599,216,103.756,225,120.141,362,121.415,360,-17.659,341
"2025","Belmont",70.2996,58,70.5294,31,111.647,65,112.311,83,108.915,251,108.932,223,3.37944,129
"2025","Bethune Cookman",69.6409,90,69.0024,76,98.5583,322,97.299,332,103.684,108,107.866,201,-10.5665,288
"2025","Binghamton",66.3968,267,65.6727,269,101.991,274,98.79,313,108.619,243,112.673,300,-13.8832,318
"2025","Boise St.",65.6766,302,65.1945,291,112.588,55,116.027,46,100.541,53,100.028,60,15.9994,50
"2025","Boston College",66.9241,237,66.7104,212,102.368,268,105.386,206,109.965,276,107.171,185,-1.78487,184
"2025","Boston University",63.6886,356,63.0372,353,101.383,287,98.9921,308,105.432,166,111.302,269,-12.31,305
"2025","Bowling Green",69.9008,82,68.675,95,102.921,255,98.9046,311,107.562,212,109.793,238,-10.8879,290
"2025","Bradley",66.1533,279,65.5663,273,112.938,49,111.473,93,103.836,111,104.379,125,7.09392,95
"2025","Brown",67.3392,215,65.7533,264,104.399,222,103.115,237,105.673,170,106.76,174,-3.64542,208
"2025","Bryant",73.1553,6,72.4625,7,109.684,101,106.746,177,101.286,68,105.499,148,1.24649,149
"2025","Bucknell",67.5039,200,67.2206,181,105.124,200,102.723,243,103.376,103,107.618,195,-4.89529,225
"2025","Buffalo",72.1823,17,70.6935,29,97.4868,332,96.2344,340,113.151,336,113.817,311,-17.5822,340
"2025","Butler",67.3138,216,67.3942,167,109.54,104,116.125,45,109.494,264,105.552,151,10.5736,77
"2025","BYU",67.7804,189,67.2241,180,117.204,14,123.002,11,102.804,92,100.609,68,22.3928,24
"2025","Cal Baptist",67.4468,206,65.6638,270,104.443,220,105.756,202,102.647,90,106.085,156,-0.328875,167
"2025","Cal Poly",74.7494,3,74.4165,3,107.266,152,109.536,117,109.922,275,111.114,263,-1.57721,181
"2025","Cal St. Bakersfield",67.1759,223,65.9807,248,105.857,180,106.331,185,111.148,299,112.375,288,-6.04332,239
"2025","Cal St. Fullerton",68.9146,128,68.0679,128,90.6471,360,93.8468,355,113.953,339,112.224,282,-18.3771,351
"2025","California",67.8931,185,67.4898,161,108.149,132,111.289,94,109.907,274,106.618,170,4.6716,112
"2025","Campbell",66.1855,277,65.8074,262,103.729,234,101.591,268,104.339,134,106.143,157,-4.55237,221
"2025","Canisius",66.1992,276,66.1301,239,97.9873,330,98.981,309,118.634,360,121.94,362,-22.9594,359
"2025","Central Arkansas",67.4138,209,66.3167,228,99.1678,316,97.6422,327,115.32,344,115.797,336,-18.1552,346
"2025","Central Connecticut",66.1223,283,65.7468,265,104.99,203,99.7231,298,94.7891,7,101.484,78,-1.76094,183
"2025","Central Michigan",68.456,155,67.1339,188,105.496,186,105.302,207,107.753,217,108.39,212,-3.08766,199
"2025","Charleston",70.1206,68,70.0178,50,107.391,149,106.042,192,103.712,109,105.394,145,0.647395,153
"2025","Charleston Southern",68.9002,130,67.2549,178,100.645,302,99.6556,300,113.05,333,111.626,276,-11.9706,302
"2025","Charlotte",65.3727,314,64.794,305,105.382,188,104.52,215,112.753,327,112.278,284,-7.75855,257
"2025","Chattanooga",67.4023,210,66.4503,218,115.344,28,115.162,58,107.818,220,110.231,246,4.93146,110
"2025","Chicago St.",69.0067,122,68.2365,118,90.1502,361,91.8495,362,112.914,330,116.162,341,-24.3129,362
"2025","Cincinnati",66.1212,284,65.4285,280,106.262,172,110.524,100,99.7167,39,95.716,24,14.808,55
"2025","Clemson",65.0748,324,64.2482,327,115.072,32,118.658,24,98.5179,24,94.7302,16,23.9275,18
"2025","Cleveland St.",66.0579,287,65.2549,288,105.248,196,103.681,228,101.706,74,104.063,118,-0.381668,168
"2025","Coastal Carolina",64.172,348,63.1774,350,102.206,271,100.391,288,112.218,321,115.425,333,-15.0347,329
"2025","Colgate",66.6717,252,67.169,186,106.14,174,104.624,213,108.366,236,112.566,295,-7.94277,260
"2025","Colorado",68.1646,168,67.6318,149,101.879,278,108.785,137,104.315,132,99.2522,52,9.53315,81
"2025","Colorado St.",66.2955,271,65.9508,252,112.599,53,116.222,43,100.329,47,98.9277,49,17.2942,42
"2025","Columbia",71.381,32,70.655,30,108.284,129,106.302,186,112.772,328,115.864,338,-9.56132,278
"2025","Connecticut",64.5293,340,63.7051,344,118.148,11,121.928,14,104.135,127,102.59,94,19.338,35
"2025","Coppin St.",68.8823,131,67.6902,147,88.6941,363,87.3265,363,111.307,301,111.618,275,-24.2912,361
"2025","Cornell",72.0602,19,70.8582,26,116.066,20,114.898,61,109.203,257,111.514,273,3.38327,128
"2025","Creighton",67.6333,192,67.029,192,110.76,81,116.919,34,102.225,81,98.2145,42,18.7046,37
"2025","CSUN",72.7986,9,72.2625,8,109.41,109,109.063,129,101.208,66,103.967,112,5.0967,107
"2025","Dartmouth",71.611,24,70.9197,24,103.17,249,100.139,293,102.126,80,103.44,105,-3.30177,205
"2025","Davidson",66.3406,270,65.8772,257,108.74,121,109.728,112,107.716,216,108.164,207,1.56423,148
"2025","Dayton",66.1271,281,65.8518,259,112.175,63,115.609,51,105.391,164,104.623,129,10.9864,74
"2025","Delaware",70.0772,71,70.324,41,109.439,108,109.33,124,112.61,325,114.909,325,-5.57823,232
"2025","Delaware St.",71.3075,34,70.194,45,104.733,210,101.698,265,109.18,256,114.186,316,-12.4876,307
"2025","Denver",68.0079,178,66.3803,224,101.508,284,98.689,316,112.189,320,111.228,266,-12.5387,309
"2025","DePaul",67.6174,194,66.8809,205,105.154,199,109.624,116,107.853,221,105.286,140,4.33778,118
"2025","Detroit Mercy",67.5904,197,66.9496,197,96.1809,343,95.0679,347,111.536,306,112.083,280,-17.0155,337
"2025","Drake",59.5278,364,58.8046,364,113.293,45,112.596,76,98.3466,22,98.4563,46,14.1401,58
"2025","Drexel",63.9107,353,62.9428,355,106.776,162,103.93,223,103.597,105,105.979,154,-2.04978,187
"2025","Duke",66.5794,256,65.7241,266,124.282,1,127.954,3,93.0646,3,89.7994,4,38.1545,1
"2025","Duquesne",65.439,310,65.2137,289,103.751,233,106.095,191,103.151,99,103.25,101,2.84493,132
"2025","East Carolina",67.3023,219,66.5839,214,107.942,137,106.849,173,107.566,213,107.944,203,-1.09479,176
"2025","East Tennessee St.",65.5154,306,65.0353,296,109.524,106,106.763,176,103.198,101,104.866,133,1.89715,141
"2025","East Texas A&M",67.8148,188,67.2614,177,94.6543,354,96.4814,339,110.075,280,111.564,274,-15.0824,330
"2025","Eastern Illinois",66.9832,233,66.1316,238,94.2697,356,93.5007,357,103.965,116,106.873,177,-13.3725,315
"2025","Eastern Kentucky",67.9578,182,67.5631,155,110.763,80,109.628,115,110.078,281,111.355,270,-1.7271,182
"2025","Eastern Michigan",68.2313,166,67.1707,185,106.312,171,104.289,217,111.892,312,113.998,313,-9.70836,281
"2025","Eastern Washington",67.7775,190,66.8336,207,102.614,262,101.751,261,112.65,326,112.766,304,-11.0144,294
"2025","Elon",65.3301,315,65.0618,294,108.823,120,107.388,158,107.496,209,110.387,249,-2.99987,197
"2025","Evansville",66.8815,240,66.795,209,97.0866,334,98.2319,321,106.886,193,106.26,164,-8.02795,262
"2025","Fairfield",66.4753,264,65.985,247,99.9799,312,98.1583,322,110.114,282,114.092,314,-15.934,333
"2025","Fairleigh Dickinson",68.5815,146,69.1141,72,101.241,290,98.2966,319,106.505,181,110.804,259,-12.5077,308
"2025","FIU",69.2647,107,68.3143,114,96.2576,342,96.5736,338,104.013,118,104.104,120,-7.53057,254
"2025","Florida",70.8342,44,69.5882,59,120.446,5,128.6,1,97.6802,20,92.4374,10,36.1627,2
"2025","Florida A&M",68.4621,154,67.1167,189,100.75,299,101.522,269,111.09,298,115.226,329,-13.7045,317
"2025","Florida Atlantic",69.5193,93,68.7238,93,110.875,77,112.323,82,108.289,234,107.874,202,4.44889,115
"2025","Florida Gulf Coast",65.6524,305,65.1648,292,110.153,90,108.11,147,106.512,183,108.79,219,-0.679284,172
"2025","Florida St.",70.2895,59,69.4944,62,105.368,189,108.772,138,103.217,102,100.333,61,8.43974,89
"2025","Fordham",70.1996,65,69.4518,63,103.309,247,106.39,181,110.824,293,111.663,277,-5.27261,229
"2025","Fresno St.",70.8473,43,70.4945,33,97.4179,333,100.847,280,110.982,295,108.519,214,-7.67236,255
"2025","Furman",66.5034,262,65.9272,253,110.577,83,109.649,114,105.644,169,107.322,191,2.32714,137
"2025","Gardner Webb",70.1472,66,68.9486,81,104.814,207,103.008,239,111.474,305,111.132,264,-8.12382,264
"2025","George Mason",65.0546,326,64.5462,317,105.469,187,105.951,196,95.6531,9,95.6483,22,10.3032,78
"2025","George Washington",67.0292,231,66.749,211,107.6,146,107.992,148,100.422,51,103.342,103,4.65028,113
"2025","Georgetown",68.2621,164,68.2088,120,104.824,206,108.338,143,100.908,64,99.4897,55,8.84841,87
"2025","Georgia",68.5473,149,66.4126,221,110.152,91,115.396,54,101.242,67,96.0081,26,19.3877,34
"2025","Georgia Southern",69.9412,80,69.3846,66,104.252,225,102.61,244,107.38,207,109.599,233,-6.98877,251
"2025","Georgia St.",69.4548,99,68.8942,84,106.557,167,106.388,182,112.98,332,114.627,320,-8.23884,266
"2025","Georgia Tech",69.0979,115,68.5442,104,104.559,218,107.679,152,103.733,110,100.539,65,7.1408,94
"2025","Gonzaga",70.5386,53,70.1652,46,121.239,3,123.561,9,97.5072,18,96.2735,29,27.2873,9
"2025","Grambling St.",66.1147,285,63.7699,341,97.0352,335,95.1682,346,104.037,122,109.078,225,-13.9095,319
"2025","Grand Canyon",72.5662,13,71.4362,14,107.787,140,107.814,149,95.8496,10,100.592,67,7.22245,93
"2025","Green Bay",69.0921,116,68.891,85,100.806,298,100.681,283,116.291,351,116.779,345,-16.0978,334
"2025","Hampton",65.9511,290,65.4961,275,105.223,197,103.711,227,106.702,187,107.842,200,-4.1306,215
"2025","Harvard",66.9894,232,65.4904,276,101.456,285,101.206,274,107.62,214,108.879,221,-7.67332,256
"2025","Hawaii",66.8863,239,65.8452,260,102.647,260,103.121,236,106.685,185,107.841,199,-4.71989,224
"2025","High Point",67.1662,226,66.4109,222,121.342,2,118.451,25,104.975,153,109.147,227,9.30454,84
"2025","Hofstra",64.3427,343,63.5905,348,98.5937,320,97.912,325,100.414,50,102.408,93,-4.49626,220
"2025","Holy Cross",65.9258,292,65.9608,251,103.156,250,101.797,260,110.995,296,115.714,335,-13.9179,320
"2025","Houston",62.4183,360,61.4239,360,116.89,18,123.222,10,91.9137,1,87.7823,2,35.4401,3
"2025","Houston Christian",64.8637,328,64.7485,312,99.6008,313,100.528,286,108.002,227,110.097,243,-9.56917,279
"2025","Howard",70.8071,45,69.9397,51,105.851,181,103.652,229,113.077,334,116.859,346,-13.2075,312
"2025","Idaho",66.7373,250,66.2332,230,107.921,139,107.261,164,114.722,343,116.722,344,-9.46163,276
"2025","Idaho St.",66.6539,253,65.9775,249,107.973,136,105.866,198,107.793,219,109.676,236,-3.80937,210
"2025","Illinois",72.3857,16,71.3261,18,115.12,30,121.626,15,102.486,87,98.062,41,23.5642,20
"2025","Illinois Chicago",68.7391,141,69.0836,73,105.749,182,106.922,172,108.077,229,107.791,197,-0.869516,174
"2025","Illinois St.",66.0566,288,65.6999,267,112.632,52,111.87,90,109.68,268,109.91,241,1.96041,140
"2025","Incarnate Word",64.5308,339,64.1497,330,106.927,159,105.991,194,108.545,241,112.572,296,-6.58075,248
"2025","Indiana",69.0921,117,67.8936,136,107.743,142,113.62,68,103.934,115,97.4382,38,16.1817,48
"2025","Indiana St.",72.0953,18,72.1846,9,108.267,130,109.023,132,111.402,302,112.27,283,-3.2468,201
"2025","Iona",68.5951,145,68.0444,129,101.15,292,98.6275,317,101.862,76,106.526,169,-7.899,258
"2025","Iowa",71.3973,30,69.5447,61,114.858,35,119.572,19,111.438,303,106.759,173,12.8128,64
"2025","Iowa St.",69.4841,95,68.5584,102,113.82,41,119.431,20,96.4765,14,92.4361,9,26.9949,10
"2025","IU Indy",65.9289,291,64.7775,307,109.334,111,109.491,119,120.307,363,122.852,363,-13.3604,314
"2025","Jackson St.",70.064,73,68.259,115,100.748,300,100.303,290,104.533,143,106.913,178,-6.60987,249
"2025","Jacksonville",68.4016,160,67.3896,168,104.151,226,101.716,264,103.886,114,103.15,99,-1.43447,179
"2025","Jacksonville St.",65.4198,312,64.7587,310,107.621,144,109.281,126,105.64,168,105.356,142,3.92505,123
"2025","James Madison",65.1573,321,64.8326,303,109.927,97,110.426,101,108.503,240,110.331,248,0.094193,162
"2025","Kansas",69.1559,110,68.3503,113,109.004,116,115.969,48,98.7957,27,92.7123,11,23.257,21
"2025","Kansas City",65.6539,304,64.4544,320,103.535,239,100.372,289,107.194,201,106.256,163,-5.88445,235
"2025","Kansas St.",67.9104,183,66.9669,196,103.643,237,109.353,122,102.402,86,97.1479,36,12.205,67
"2025","Kennesaw St.",70.6111,52,70.2596,42,103.821,232,107.016,170,103.88,112,103.897,111,3.11904,130
"2025","Kent St.",67.6298,193,66.0499,244,107.036,158,105.397,205,100.545,54,102.75,96,2.64681,136
"2025","Kentucky",72.7146,11,70.9288,23,116.923,17,123.783,8,106.759,191,99.5252,57,24.258,16
"2025","La Salle",69.6583,89,68.5505,103,101.544,283,103.712,226,108.123,231,108.324,209,-4.61212,222
"2025","Lafayette",65.925,293,66.0979,240,101.882,277,98.0728,324,104.351,135,108.744,218,-10.6712,289
"2025","Lamar",65.8074,299,65.3576,282,102.261,270,101.974,254,101.18,65,102.15,87,-0.176259,166
"2025","Le Moyne",68.4171,158,68.5238,107,102.149,272,101.154,275,116.039,347,121.807,361,-20.6526,354
"2025","Lehigh",66.8114,244,67.2246,179,101.928,276,100.632,284,107.542,211,110.837,260,-10.2053,282
"2025","Liberty",66.4331,265,65.3141,284,111.512,69,112.451,80,96.8666,17,98.9174,48,13.5333,62
"2025","Lindenwood",69.8568,83,69.5732,60,96.0029,344,94.0736,354,104.49,141,108.838,220,-14.7644,326
"2025","Lipscomb",67.3035,218,65.8681,258,115.488,25,112.665,75,100.691,57,103.179,100,9.48604,83
"2025","Little Rock",67.8974,184,66.8955,203,100.288,308,99.1151,306,98.571,25,104.17,122,-5.05505,227
"2025","LIU",65.0555,325,64.7705,308,98.99,317,94.8545,352,99.6538,35,105.232,139,-10.3777,285
"2025","Long Beach St.",65.6743,303,64.0027,334,98.9555,318,101.81,258,113.904,338,113.89,312,-12.0799,303
"2025","Longwood",70.2866,61,68.9737,78,108.989,117,105.933,197,108.277,233,109.795,239,-3.86184,211
"2025","Louisiana",66.3868,268,66.1667,235,97.0194,336,97.7193,326,109.714,271,111.201,265,-13.482,316
"2025","Louisiana Monroe",67.969,181,67.6392,148,96.4496,341,96.0851,341,112.417,324,114.421,319,-18.336,350
"2025","Louisiana Tech",65.832,296,64.407,323,106.745,163,108.866,136,103.976,117,105.171,138,3.69539,126
"2025","Louisville",69.0231,121,68.7454,90,113.399,44,118.114,29,99.6724,37,95.4732,21,22.6404,23
"2025","Loyola Chicago",67.3461,212,66.8889,204,106.623,166,107.352,160,101.585,72,102.321,91,5.03027,108
"2025","Loyola Marymount",68.4097,159,67.1435,187,102.687,258,104.146,220,105.329,162,103.625,107,0.521493,155
"2025","Loyola MD",66.6936,251,66.5231,216,102.754,257,100.449,287,107.656,215,112.799,305,-12.35,306
"2025","LSU",69.474,96,67.9047,135,104.802,208,109.003,134,104.851,151,100.35,62,8.65331,88
"2025","Maine",66.4832,263,65.8848,256,103.534,240,100.097,294,100.436,52,104.51,127,-4.41292,218
"2025","Manhattan",67.4241,208,67.443,163,110.129,94,108.456,142,108.365,235,114.347,318,-5.89077,236
"2025","Marist",64.1908,346,64.0498,332,101.438,286,97.1438,333,99.2476,32,106.242,162,-9.09839,271
"2025","Marquette",68.1294,172,67.5603,156,112.213,62,117.662,32,100.274,46,96.0842,28,21.5782,28
"2025","Marshall",68.9147,127,68.6509,98,108.116,134,106.293,188,104.489,139,106.813,175,-0.520269,169
"2025","Maryland",70.7574,47,69.7995,56,114.918,33,118.136,28,94.8324,8,91.7866,6,26.349,12
"2025","Maryland Eastern Shore",67.4384,207,65.5408,274,94.4018,355,95.7731,342,117.571,355,118.419,357,-22.6464,358
"2025","Massachusetts",70.7115,49,70.2311,44,100.426,306,102.307,248,105.373,163,106.432,168,-4.12517,214
"2025","McNeese",65.821,297,65.3486,283,114.387,39,114.253,63,97.5513,19,100.567,66,13.6857,59
"2025","Memphis",71.3607,33,70.7977,27,111.221,73,113.136,72,101.601,73,97.7817,40,15.3545,51
"2025","Mercer",71.5554,25,70.9974,21,101.569,281,99.2256,304,106.134,177,107.249,188,-8.0238,261
"2025","Mercyhurst",64.4834,341,64.6736,314,100.606,304,98.742,314,110.069,279,116.577,342,-17.8347,342
"2025","Merrimack",64.6729,333,64.4191,322,101.032,295,99.8679,296,98.6836,26,102.023,84,-2.15481,188
"2025","Miami FL",67.596,196,67.424,164,108.641,124,113.476,70,118.481,359,115.978,340,-2.50124,192
"2025","Miami OH",70.1227,67,68.9445,83,110.45,84,107.757,150,104.057,123,107.019,181,0.737623,151
"2025","Michigan",70.6185,51,69.4391,65,109.802,100,115.994,47,100.244,44,93.7182,14,22.2754,25
"2025","Michigan St.",69.2266,108,67.7098,144,112.538,58,118.142,27,96.7934,16,90.5692,5,27.5729,8
"2025","Middle Tennessee",68.91,129,68.238,117,106.341,170,109.09,128,104.088,125,104.808,131,4.28275,119
"2025","Milwaukee",69.4035,101,68.6583,97,109.867,98,107.233,165,103.881,113,105.47,147,1.76301,144
"2025","Minnesota",63.7746,355,62.6004,357,104.661,213,110.126,108,107.342,203,101.691,80,8.43584,90
"2025","Mississippi",69.3352,102,68.0277,130,110.694,82,117.842,31,102.594,89,95.7536,25,22.0886,26
"2025","Mississippi St.",69.7482,86,68.1194,124,113.152,47,118.739,23,105.036,157,98.6336,47,20.105,32
"2025","Mississippi Valley St.",66.1353,280,64.7543,311,79.3707,364,82.552,364,124.642,364,124.769,364,-42.2167,364
"2025","Missouri",69.9508,79,68.1929,121,120.367,6,125.287,5,105.067,158,100.869,73,24.4175,15
"2025","Missouri St.",64.3138,344,63.7915,339,101.813,279,100.995,279,108.803,247,107.397,194,-6.4018,245
"2025","Monmouth",67.346,213,67.0173,194,103.398,244,103.861,224,110.425,288,112.441,294,-8.57934,267
"2025","Montana",67.4715,203,67.0252,193,111.586,66,110.778,98,110.248,286,110.394,250,0.384479,157
"2025","Montana St.",66.5503,260,65.7994,263,106.068,175,105.272,209,106.038,173,107.308,189,-2.03614,186
"2025","Morehead St.",64.8781,327,63.9457,336,98.1713,327,97.6294,329,106.965,196,112.429,292,-14.8001,327
"2025","Morgan St.",71.6944,23,70.3599,37,104.769,209,101.613,267,113.811,337,117.033,347,-15.4204,331
"2025","Mount St. Mary's",67.4682,204,67.3583,170,101.563,282,100.145,292,102.06,78,106.815,176,-6.66948,250
"2025","Murray St.",65.2865,316,64.8083,304,105.559,184,106.378,183,104.676,146,104.493,126,1.88499,142
"2025","N.C. State",65.8098,298,65.204,290,105.159,198,107.555,155,106.977,197,103.776,109,3.77921,125
"2025","Navy",66.7402,249,66.9315,198,104.692,212,102.276,249,106.278,180,111.447,271,-9.17064,272
"2025","Nebraska",68.8624,134,67.3414,173,107.609,145,113.229,71,104.015,119,98.3895,45,14.8391,54
"2025","Nebraska Omaha",69.0609,119,67.7016,145,112.458,59,111.05,96,109.839,273,110.542,252,0.507475,156
"2025","Nevada",64.838,329,63.7567,342,110.445,85,112.764,74,104.417,137,102.833,97,9.93081,80
"2025","New Hampshire",68.4333,156,67.3043,175,94.91,351,93.7753,356,112.391,323,115.367,331,-21.5917,355
"2025","New Mexico",72.9099,7,72.6738,4,108.691,122,112.486,79,96.5138,15,95.1649,19,17.3214,41
"2025","New Mexico St.",66.2105,275,64.7808,306,101.954,275,104.287,218,100.836,62,101.346,76,2.94163,131
"2025","New Orleans",69.5396,92,69.1233,71,96.946,337,99.3152,303,117.949,357,117.641,352,-18.3261,349
"2025","Niagara",64.7793,330,65.0405,295,102.965,253,101.115,277,109.539,265,115.235,330,-14.1196,321
"2025","Nicholls",68.2537,165,68.0984,126,104.731,211,105.624,203,104.14,128,106.405,167,-0.780466,173
"2025","NJIT",66.8283,241,66.4413,219,95.1264,349,93.1959,358,110.174,283,113.507,310,-20.3112,353
"2025","Norfolk St.",67.3721,211,66.3292,226,110.269,87,107.141,168,104.695,147,108.669,217,-1.52717,180
"2025","North Alabama",67.1721,224,66.5257,215,115.45,26,111.94,89,104.703,149,107.033,182,4.90729,111
"2025","North Carolina",70.7715,46,70.4313,34,113.488,43,118.852,22,105.192,161,99.3033,53,19.5483,33
"2025","North Carolina A&T",69.1415,112,68.9986,77,98.1718,326,96.9493,335,111.172,300,113.349,308,-16.3993,335
"2025","North Carolina Central",68.8686,133,66.7537,210,105.527,185,102.735,242,112.772,329,117.066,348,-14.3314,323
"2025","North Dakota",70.3433,57,68.9554,80,108.581,125,107.644,154,116.821,354,115.83,337,-8.18641,265
"2025","North Dakota St.",66.5674,258,64.85,302,119.11,8,115.36,55,112.333,322,112.581,297,2.77842,133
"2025","North Florida",72.6177,12,72.1516,10,110.185,88,109.532,118,116.681,353,117.435,350,-7.90351,259
"2025","North Texas",60.8829,362,60.4434,362,111.154,74,109.348,123,98.8873,28,98.231,43,11.1171,72
"2025","Northeastern",67.143,228,67.2906,176,104.504,219,103.615,230,104.021,120,107.315,190,-3.69935,209
"2025","Northern Arizona",67.125,229,66.8416,206,107.787,141,104.237,219,108.659,245,110.771,258,-6.53378,247
"2025","Northern Colorado",68.8701,132,68.6944,94,114.5,38,112.016,87,106.508,182,107.998,204,4.01822,122
"2025","Northern Illinois",70.0837,70,68.8145,89,94.9907,350,94.2516,353,111.994,316,112.398,291,-18.1469,345
"2025","Northern Iowa",65.1914,320,64.9462,298,111.255,71,109.834,110,103.538,104,104.025,115,5.80926,101
"2025","Northern Kentucky",66.8078,245,66.0672,242,103.945,229,102.582,246,106.757,189,108.279,208,-5.69687,234
"2025","Northwestern",66.1241,282,64.9435,299,108.14,133,113.9,64,103.122,98,97.484,39,16.4161,45
"2025","Northwestern St.",64.167,349,63.948,335,101.322,288,102.578,247,107.035,199,107.823,198,-5.24462,228
"2025","Notre Dame",65.3879,313,64.6966,313,107.991,135,111.278,95,107.969,226,104.218,123,7.06008,96
"2025","Oakland",64.6473,335,63.7989,338,106.699,165,107.124,169,109.022,254,108.461,213,-1.33697,177
"2025","Ohio",71.5098,27,70.2576,43,109.601,103,106.04,193,107.396,208,109.147,228,-3.10664,200
"2025","Ohio St.",68.573,147,66.9909,195,111.856,64,117.607,33,104.703,148,99.3124,54,18.2947,39
"2025","Oklahoma",70.0235,74,68.5272,106,112.581,56,119.044,21,106.757,190,100.679,70,18.3648,38
"2025","Oklahoma St.",71.7926,21,71.4246,15,101.045,294,107.714,151,106.697,186,101.369,77,6.34484,100
"2025","Old Dominion",66.2495,274,65.9616,250,101.028,296,100.092,295,108.878,250,110.407,251,-10.3153,284
"2025","Oral Roberts",68.1397,169,67.2085,182,103.708,235,102.821,240,119.817,361,117.744,354,-14.9222,328
"2025","Oregon",68.6042,144,67.5976,151,110.017,96,116.63,39,102.377,85,96.4843,31,20.1459,31
"2025","Oregon St.",64.7065,332,63.7017,345,115.529,24,116.232,42,105.748,171,106.942,179,9.28947,85
"2025","Pacific",67.8737,187,66.3992,223,99.4807,314,101.409,271,112.949,331,111.676,278,-10.2678,283
"2025","Penn",67.4681,205,66.8233,208,102.5,264,103.933,222,114.069,340,114.893,324,-10.9599,291
"2025","Penn St.",71.0028,38,69.8432,55,111.221,72,114.66,62,103.625,106,101.013,74,13.6469,60
"2025","Pepperdine",69.2199,109,69.039,75,103.389,245,106.361,184,111.649,308,110.594,253,-4.23368,216
"2025","Pittsburgh",66.8875,238,66.2018,233,112.416,60,115.686,50,105.436,167,102.06,85,13.6266,61
"2025","Portland",68.9827,124,68.2515,116,102.38,266,105.774,201,115.964,346,114.69,321,-8.91536,269
"2025","Portland St.",68.5341,151,68.4025,110,104.308,223,100.529,285,102.824,93,103.994,114,-3.465,207
"2025","Prairie View A&M",71.4165,29,70.1448,48,98.0998,328,95.5464,343,114.694,342,117.677,353,-22.1309,357
"2025","Presbyterian",65.4561,309,64.1133,331,106.805,161,104.474,216,110.246,285,109.864,240,-5.39063,231
"2025","Princeton",67.9799,180,66.4348,220,106.015,176,105.298,208,106.54,184,106.682,172,-1.3836,178
"2025","Providence",66.6444,255,66.2326,231,106.855,160,112.102,86,108.368,237,105.105,136,6.99689,97
"2025","Purdue",66.5761,257,64.971,297,117.029,15,124.231,7,106.819,192,100.395,63,23.8367,19
"2025","Purdue Fort Wayne",70.2879,60,69.7109,58,111.512,70,109.021,133,107.36,205,109.078,226,-0.057038,164
"2025","Queens",69.488,94,68.3755,111,107.711,143,106.222,190,107.895,222,109.507,232,-3.28466,203
"2025","Quinnipiac",71.3907,31,71.5596,13,103.571,238,102.043,253,100.729,59,106.056,155,-4.01309,213
"2025","Radford",64.2504,345,62.7263,356,111.045,76,110.362,103,109.789,272,109.676,237,0.685512,152
"2025","Rhode Island",70.9523,42,70.3609,36,107.507,148,108.135,146,105.027,156,107.229,187,0.906324,150
"2025","Rice",65.8724,294,65.2776,286,106.243,173,106.299,187,106.101,174,108.6,216,-2.30124,189
"2025","Richmond",64.1863,347,63.7064,343,100.064,311,103.026,238,110.724,292,109.049,224,-6.023,238
"2025","Rider",65.2583,317,64.7666,309,102.675,259,101.682,266,110.291,287,114.968,326,-13.2856,313
"2025","Robert Morris",68.6535,142,67.7646,141,110.137,92,106.969,171,101.539,71,104.883,134,2.08645,139
"2025","Rutgers",69.4647,97,68.6408,99,108.852,119,115.062,60,109.7,269,104.325,124,10.7365,75
"2025","Sacramento St.",65.6836,301,65.4639,278,96.4789,340,95.305,344,111.784,310,113.238,307,-17.9328,343
"2025","Sacred Heart",70.2366,62,70.1644,47,106.704,164,104.678,212,107.37,206,112.735,302,-8.05679,263
"2025","Saint Francis",66.6493,254,66.9184,201,100.249,310,99.6748,299,107.927,223,112.436,293,-12.7614,311
"2025","Saint Joseph's",68.2625,163,67.8757,138,109.682,102,110.924,97,99.8337,40,100.824,72,10.0993,79
"2025","Saint Louis",67.9852,179,67.3212,174,107.361,150,109.299,125,104.709,150,104.16,121,5.13839,106
"2025","Saint Mary's",63.4672,359,61.6748,359,114.861,34,115.277,56,95.9112,11,92.186,8,23.0906,22
"2025","Saint Peter's",64.451,342,63.8075,337,98.5721,321,94.8953,351,101.87,77,106.29,165,-11.3952,299
"2025","Sam Houston St.",68.1032,175,67.5503,157,105.983,178,110.296,105,111.887,311,111.265,267,-0.968874,175
"2025","Samford",71.4801,28,70.8857,25,113.708,42,112.515,77,105.932,172,108.102,206,4.41265,116
"2025","San Diego",71.7762,22,71.012,20,97.9916,329,99.379,301,111.936,314,110.634,255,-11.2547,296
"2025","San Diego St.",66.1589,278,66.0239,245,105.012,202,109.817,111,96.3636,13,93.5399,13,16.277,46
"2025","San Francisco",68.9514,125,67.7136,143,110.113,95,111.714,91,100.409,49,99.0288,51,12.6849,65
"2025","San Jose St.",66.7483,248,66.3276,227,103.685,236,107.281,162,109.412,260,107.389,193,-0.10832,165
"2025","Santa Clara",70.0082,77,68.8239,88,114.508,37,115.849,49,102.701,91,101.706,81,14.143,57
"2025","Seattle",67.4975,201,65.8871,255,102.096,273,103.98,221,100.053,42,102.389,92,1.59073,146
"2025","Seton Hall",64.7221,331,64.428,321,93.9184,358,98.7305,315,106.729,188,102.154,88,-3.42346,206
"2025","Siena",67.587,198,67.1769,184,105.265,194,102.808,241,105.073,159,110.224,245,-7.41619,253
"2025","SIUE",67.1543,227,65.8174,261,104.645,214,101.884,255,100.352,48,106.2,160,-4.31593,217
"2025","SMU",69.125,113,68.4416,109,115.297,29,116.616,40,103.193,100,100.431,64,16.1854,47
"2025","South Alabama",63.9755,351,63.0524,352,108.642,123,107.379,159,99.6821,38,103.279,102,4.09993,121
"2025","South Carolina",66.8013,246,65.2691,287,103.841,231,110.417,102,106.116,175,98.936,50,11.4806,69
"2025","South Carolina St.",70.6738,50,69.1462,70,106.523,168,102.604,245,100.565,55,105.003,135,-2.39908,190
"2025","South Dakota",74.99,2,74.5848,2,112.542,57,109.256,127,115.498,345,115.4,332,-6.14426,241
"2025","South Dakota St.",70.0134,75,68.948,82,112.597,54,109.652,113,107.332,202,106.972,180,2.68017,134
"2025","South Florida",69.8384,85,68.2341,119,104.27,224,103.487,232,107.036,200,106.294,166,-2.80698,195
"2025","Southeast Missouri",68.9952,123,68.8249,87,103.863,230,101.848,257,99.6705,36,105.136,137,-3.28839,204
"2025","Southeastern Louisiana",67.2052,221,66.9187,200,105.276,193,104.565,214,104.333,133,107.351,192,-2.78539,194
"2025","Southern",69.8544,84,68.4837,108,100.291,307,98.939,310,98.5012,23,104.624,130,-5.6851,233
"2025","Southern Illinois",68.0902,176,67.8894,137,105.066,201,105.585,204,109.657,267,108.325,210,-2.74003,193
"2025","Southern Indiana",68.1386,170,66.9214,199,100.821,297,98.2356,320,109.06,255,114.772,322,-16.5361,336
"2025","Southern Miss",70.9531,41,70.7871,28,97.7624,331,97.5964,330,106.933,195,108.881,222,-11.2842,297
"2025","Southern Utah",70.0125,76,68.856,86,95.7726,345,98.1229,323,107.542,210,109.265,229,-11.1421,295
"2025","St. Bonaventure",65.1072,322,64.3076,326,105.618,183,106.263,189,100.066,43,100.632,69,5.63094,102
"2025","St. John's",70.4189,55,70.112,49,110.13,93,113.892,65,92.0927,2,87.5144,1,26.3774,11
"2025","St. Thomas",69.3226,103,67.7907,139,117.267,13,113.602,69,109.256,258,110.145,244,3.4573,127
"2025","Stanford",66.9742,234,65.9896,246,109.21,112,112.13,85,105.412,165,102.619,95,9.51084,82
"2025","Stephen F. Austin",67.3453,214,67.38,169,94.7754,353,95.0549,348,101.77,75,104.616,128,-9.56099,277
"2025","Stetson",68.8397,137,67.5755,154,100.671,301,99.3669,302,117.959,358,118.653,358,-19.2861,352
"2025","Stonehill",65.6988,300,64.9216,300,102.781,256,100.799,282,107.952,225,115.023,327,-14.2242,322
"2025","Stony Brook",64.5637,338,64.3532,325,101.751,280,101.858,256,116.07,348,117.595,351,-15.7364,332
"2025","Syracuse",68.7874,139,68.1275,123,105.997,177,110.342,104,110.838,294,105.933,153,4.40943,117
"2025","Tarleton St.",67.1901,222,65.4674,277,89.7728,362,92.9842,359,104.49,140,103.381,104,-10.3971,286
"2025","TCU",67.0615,230,66.5139,217,100.274,309,105.81,199,102.116,79,96.957,34,8.85289,86
"2025","Temple",69.2738,106,68.6096,100,109.539,105,109.998,109,109.557,266,110.607,254,-0.609222,171
"2025","Tennessee",65.4662,308,63.6184,346,114.078,40,120.275,18,96.3317,12,89.122,3,31.1526,5
"2025","Tennessee Martin",66.8282,242,66.2116,232,102.372,267,101.716,263,106.921,194,112.685,301,-10.9693,292
"2025","Tennessee St.",71.268,35,70.3273,40,104.443,221,102.186,250,103.02,96,109.473,230,-7.28688,252
"2025","Tennessee Tech",68.5148,152,67.6971,146,102.553,263,100.805,281,107.343,204,113.091,306,-12.2865,304
"2025","Texas",68.4326,157,67.3519,172,112.903,50,116.677,37,104.089,126,99.5252,56,17.1518,44
"2025","Texas A&M",67.4829,202,66.1358,237,109.403,110,116.209,44,99.5409,34,92.1262,7,24.0831,17
"2025","Texas A&M Corpus Chris",67.5458,199,67.3535,171,107.238,153,105.961,195,103.654,107,105.717,152,0.244365,160
"2025","Texas Southern",71.18,36,69.8738,52,98.4347,323,96.5969,337,100.838,63,106.185,159,-9.58791,280
"2025","Texas St.",66.7792,247,65.9005,254,109.156,114,109.401,121,108.841,248,112.392,290,-2.99042,196
"2025","Texas Tech",66.404,266,65.409,281,119.883,7,125.287,6,100.015,41,97.2359,37,28.0509,7
"2025","The Citadel",65.4801,307,64.5435,318,95.1747,348,94.928,350,116.267,349,116.714,343,-21.7859,356
"2025","Toledo",69.4586,98,67.9347,133,111.521,68,112.01,88,116.578,352,118.138,356,-6.12775,240
"2025","Towson",64.0639,350,63.5936,347,107.09,157,106.818,174,104.539,144,106.178,158,0.640064,154
"2025","Troy",66.8214,243,66.2892,229,108.553,126,107.654,153,98.9402,30,100.778,71,6.87599,98
"2025","Tulane",67.669,191,66.6298,213,109.13,115,108.753,140,104.997,155,106.635,171,2.11745,138
"2025","Tulsa",67.2918,220,66.167,234,102.318,269,101.407,272,108.418,239,110.016,242,-8.60939,268
"2025","UAB",69.6933,88,68.972,79,116.95,16,116.777,36,109.473,262,111.284,268,5.4929,103
"2025","UC Davis",68.2971,162,66.9161,202,96.7697,339,97.0999,334,104.034,121,103.599,106,-6.49899,246
"2025","UC Irvine",69.5834,91,68.6623,96,107.212,154,107.466,157,94.5093,6,95.0991,18,12.3669,66
"2025","UC Riverside",68.1301,171,67.0642,191,108.161,131,110.15,106,108.856,249,108.549,215,1.60069,145
"2025","UC San Diego",66.9426,235,65.6512,271,116.383,19,115.243,57,93.8414,4,96.4686,30,18.7749,36
"2025","UC Santa Barbara",66.5211,261,65.435,279,109.846,99,108.753,139,104.303,131,107.176,186,1.5772,147
"2025","UCF",72.7208,10,71.8823,11,107.532,147,115.398,53,108.016,228,103.805,110,11.5929,68
"2025","UCLA",66.5613,259,64.8891,301,112.395,61,116.85,35,98.9106,29,95.0874,17,21.7624,27
"2025","UMass Lowell",69.3054,105,68.5441,105,109.179,113,108.598,141,108.962,252,114.881,323,-6.28274,244
"2025","UMBC",70.9564,40,70.354,38,107.319,151,106.505,179,111.965,315,117.9,355,-11.3949,298
"2025","UNC Asheville",70.0963,69,68.0975,127,110.782,79,108.994,135,111.677,309,112.059,279,-3.06456,198
"2025","UNC Greensboro",64.6009,337,63.7742,340,108.978,118,107.159,167,104.069,124,105.373,143,1.7857,143
"2025","UNC Wilmington",66.2844,273,65.3115,285,114.669,36,112.282,84,104.53,142,107.138,184,5.14318,105
"2025","UNLV",66.0352,289,65.6904,268,104.833,205,107.513,156,103.114,97,100.025,59,7.48791,92
"2025","USC",69.09,118,68.1891,122,110.325,86,116.635,38,108.596,242,103.678,108,12.9562,63
"2025","USC Upstate",73.5306,5,72.6553,5,98.7009,319,98.3683,318,116.271,350,115.881,339,-17.5127,339
"2025","UT Arlington",68.4834,153,67.5269,160,105.306,192,107.29,161,108.966,253,112.312,286,-5.02184,226
"2025","UT Rio Grande Valley",70.7514,48,70.382,35,104.925,204,104.708,211,108.401,238,110.909,261,-6.20151,242
"2025","Utah",69.148,111,68.7278,91,108.306,127,112.355,81,104.455,138,101.75,82,10.6055,76
"2025","Utah St.",67.3109,217,67.5472,159,118.7,10,120.734,17,104.996,154,105.509,149,15.2249,52
"2025","Utah Tech",68.5495,148,67.3974,166,99.3081,315,101.731,262,111.543,307,113.507,309,-11.7754,301
"2025","Utah Valley",68.8349,138,67.931,134,107.115,156,106.74,178,99.1951,31,102.225,90,4.51474,114
"2025","UTEP",68.8461,136,68.7274,92,102.998,251,105.236,210,104.299,130,104.852,132,0.384311,158
"2025","UTSA",69.7019,87,69.8617,53,105.935,179,107.184,166,110.243,284,109.63,234,-2.4455,191
"2025","Valparaiso",68.1107,174,67.9798,131,105.262,195,105.797,200,109.401,259,109.662,235,-3.86566,212
"2025","Vanderbilt",70.2044,63,69.4443,64,113.04,48,117.933,30,106.248,179,101.772,83,16.1609,49
"2025","VCU",66.3663,269,66.0873,241,115.109,31,116.303,41,94.1108,5,95.6967,23,20.606,30
"2025","Vermont",63.9339,352,62.3564,358,101.185,291,99.1487,305,101.502,70,105.396,146,-6.2472,243
"2025","Villanova",63.511,358,62.9957,354,115.638,23,118.223,26,106.179,178,103.97,113,14.2526,56
"2025","Virginia",61.627,361,61.0964,361,105.306,191,110.654,99,108.155,232,105.354,141,5.30022,104
"2025","Virginia Tech",66.0683,286,65.0968,293,103.343,246,106.425,180,109.705,270,106.229,161,0.195703,161
"2025","VMI",68.0472,177,68.1124,125,101.258,289,100.227,291,110.719,291,110.766,257,-10.5386,287
"2025","Wagner",60.4435,363,60.2726,363,94.0259,357,92.1631,360,102.826,94,110.254,247,-18.0905,344
"2025","Wake Forest",67.882,186,67.0648,190,103.516,242,108.186,145,100.245,45,96.9655,35,11.221,71
"2025","Washington",68.5447,150,67.6098,150,103.446,243,109.062,130,109.988,278,104.032,116,5.03016,109
"2025","Washington St.",71.5404,26,70.5066,32,109.457,107,111.606,92,109.485,263,107.723,196,3.88283,124
"2025","Weber St.",65.8607,295,65.5669,272,102.472,265,101.134,276,112.1,318,112.611,299,-11.4771,300
"2025","West Georgia",68.9362,126,67.9765,132,98.3878,324,96.8146,336,114.508,341,115.101,328,-18.2859,348
"2025","West Virginia",65.2215,319,64.1608,329,102.641,261,109.028,131,98.1067,21,93.9321,15,15.0956,53
"2025","Western Carolina",71.0849,37,70.3285,39,93.6196,359,95.2214,345,112.177,319,112.319,287,-17.0975,338
"2025","Western Illinois",65.107,323,64.2252,328,101.127,293,98.9955,307,111.468,304,117.204,349,-18.2085,347
"2025","Western Kentucky",72.8238,8,71.6471,12,100.427,305,103.368,234,102.269,83,103.053,98,0.31493,159
"2025","Western Michigan",69.3157,104,67.7872,140,103.283,248,101.394,273,111.041,297,112.383,289,-10.9893,293
"2025","Wichita St.",69.1047,114,68.5926,101,105.349,190,106.774,175,104.368,136,104.095,119,2.67894,135
"2025","William & Mary",70.9658,39,71.2243,19,108.286,128,107.279,163,110.617,290,112.587,298,-5.30839,230
"2025","Winthrop",73.8332,4,72.6426,6,110.155,89,108.303,144,106.99,198,108.335,211,-0.0321984,163
"2025","Wisconsin",68.6302,143,67.5877,152,115.828,21,122.016,13,102.263,82,96.0408,27,25.975,13
"2025","Wofford",64.6329,336,64.0307,333,112.782,51,113.636,67,108.737,246,109.478,231,4.15796,120
"2025","Wright St.",68.124,173,67.3994,165,111.059,75,109.458,120,112.072,317,114.12,315,-4.66272,223
"2025","Wyoming",65.2272,318,64.574,316,100.606,303,103.554,231,108.115,230,105.536,150,-1.98252,185
"2025","Xavier",69.453,100,69.0679,74,111.584,67,115.462,52,101.409,69,98.2656,44,17.1969,43
"2025","Yale",68.7768,140,67.1772,183,117.741,12,115.087,59,102.348,84,104.043,117,11.0439,73
"2025","Youngstown St.",69.9955,78,69.1704,69,104.582,217,102.114,251,102.897,95,105.393,144,-3.27945,202
